{
    "Name": "Licorice Root",
    "Description": "The natural growing plant that is the flavoring agent in the popular candy.",
    "Category": "Vegetable",
    "CategoryTextOverride": "Herb",
    "CategoryColorOverride": "93, 153, 80, 255",
    "Edibility": 8,
    "Price": 135,
    "IsColored": false,
    "Recipe": null,
    "GiftTastes":
    {
        "Love": ["Krobus"],
        "Hate": ["Alex", "Caroline", "Clint", "Demetrius", "Dwarf", "Elliott", "Emily", "Evelyn", "George", "Gus", "Jodi", "Kent", "Harvey", "Leah", "Linus", "Marnie", "Maru", "Pam", "Penny", "Pierre", "Robin", "Sandy", "Shane", "Willy", "Wizard", "Abigail", "Haley", "Jas", "Sam", "Sebastian", "Vincent", "Lewis"],
    },
  "NameLocalization": {
    "es": "Regaliz",
    "ko": "감초",
    "de": "Süßholzwurzel",
    "fr": "Réglisse",
    "hu": "Édesgyökér",
    // "it": "",
    "ja": "カンゾウ根",
    "pt": "Raiz de Alcaçuz",
    "ru": "Корень лакрицы",
    "tr": "Meyan Kökü",
    "zh": "甘草根"
  },
  "DescriptionLocalization": {
    "es": "una planta de crecimiento natural que es el agente aromatizante del popular dulce.",
    "ko": "사탕의 향미료로 쓰이며, 야생에서도 자랍니다.",
    "de": "Eine natürlich wachsende Pflanze, die die Grundlage für Lakritz bildet.",
    "fr": "La racine naturelle de la plante utilisée comme agent aromatisant pour les bonbons populaires.",
    "hu": "Ez a gyökér adja a medvecukor ízét.",
    // "it": "",
    "ja": "ポピュラーなキャンディの香辛料として使われる。",
    "pt": "Uma planta de crescimento natural que é um agente de sabor em docerias populares.",
    "ru": "Используется как популярная конфетная специя.",
    "tr": "O meşhur şekerin tadını veren, doğal yetişen bitki.",
    "zh": "天然生长的植物，是流行糖果的调味料"
  },
    "ContextTags": [
        "season_spring",
        "color_brown",
        "vegetable_item",
        "crop_year_4",
    ],
}
