{
    "Name": "Elderberry",
    "Product": "Elderberry",
    "SeedName": "Elderberry Seeds",
    "SeedDescription": "Plant these in winter. Takes 10 days to mature, and keeps producing after the first harvest.",
    "Type": "Fruit",

    "Seasons": ["winter"],
    "Phases": [1, 2, 3, 2, 2, ],
    "RegrowthPhase": 4,
    "HarvestWithScythe": false,
    "TrellisCrop": false,
    "Colors": null,
    "Bonus":
    {
        "MinimumPerHarvest": 2,
        "MaximumPerHarvest": 3,
        "MaxIncreasePerFarmLevel": 5,
        "ExtraChance": 0.1,
    },
    "SeedPurchasePrice": 80,
    "SeedPurchaseRequirements": [
        "y 2",
    ],
  "SeedNameLocalization": {
    "es": "Semillas de saúco",
    "ko": "엘더베리 씨앗",
    "de": "Holunder-Saat",
    "fr": "Graines de sureau",
    "hu": "Bodza magvak",
    // "it": "",
    "ja": "エルダーベリーのタネ",
    "pt": "Semestes de sabugueiro",
    "ru": "Семена бузины",
    "tr": "Mürver Tohumu",
    "zh": "接骨木种子"
  },
  "SeedDescriptionLocalization": {
    "es": "Plántalas en invierno. Tardan 10 días en crecer, y continuan produciendo después de la primera cosecha.",
    "ko": "겨울 작물. 성장하려면 11일이 소요되지만, 수확한 후에도 계속 작물이 생산됩니다.",
    "de": "Pflanze sie im Winter. Wächst in 10 Tagen heran und kann danach mehrmals geerntet werden.",
    "fr": "À planter en hiver. Prend 10 jours pour arriver à maturité, et continue de produire après la première récolte.",
    "hu": "Ezeket télen ültesd el. 10 napig tart megérniük, de utána tovább termelnek.",
    // "it": "",
    "ja": "冬植えの作物。そだつのに10日かかる。最初の収穫のあともくりかえし収穫できる。",
    "pt": "Plante-as no inverno. Demora 10 dias para amadurecer e continua produzindo após a primeira colheita.",
    "ru": "Сажайте зимой. Вырастает через 10 дней и продолжает давать урожай после первого сбора.",
    "tr": "Kışın ekilir. 10 günde yetişir ve ilk hasattan sonra yetişmeye devam eder.",
    "zh": "冬天播种。10天成熟，在第一次收获后循环生产。"
  }
}
