{
    "Name": "Barley",
    "Description": "A dark grain that has a more earthy taste when processed than wheat.",
    "Category": "Vegetable",
    "Edibility": 8,
    "Price": 25,
    "IsColored": false,
    "GiftTastes":
    {
        "Neutral": ["Abigail", "Alex", "Caroline", "Clint", "Demetrius", "Dwarf", "Elliott", "Emily", "Evelyn", "George", "Gus", "Haley", "Harvey", "Jas", "Jodi", "Kent", "Krobus", "Leah", "Lewis", "Linus", "Marnie", "Maru", "Pam", "Penny", "Pierre", "Robin", "Sam", "Sandy", "Sebastian", "Shane", "Vincent", "Willy", "Wizard"],
    },
    "Recipe": null,
  "NameLocalization": {
    "es": "Cebada",
    "ko": "보리",
    "de": "Gerste",
    "fr": "Orge",
    "hu": "Árpa",
    // "it": "",
    "ja": "オオムギ",
    "pt": "Cevada",
    "ru": "Ячмень",
    "tr": "Arpa",
    "zh": "大麦"
  },
  "DescriptionLocalization": {
    "es": "Un grano oscuro que cuando se procesa tiene un sabor más terroso que el trigo.",
    "ko": "가공하면 밀보다 좀 더 소박한 맛이 나는 짙은 색의 곡식.",
    "de": "Ein dunkles Korn, das nach der Verarbeitung einen erdigeren Geschmack als Weizen hat.",
    "fr": "Un grain sombre qui, une fois traité, a une saveur plus terreuse que le blé.",
    "hu": "Egy sötét színű gabonaféle melynek az íze földesebb mint a gabonának feldolgozás után.",
    // "it": "",
    "ja": "小麦と比べより野趣にとんだ風味のする色の濃い穀物。",
    "pt": "Um grão escuro que, quando processado, tem um sabor mais terroso do que o trigo.",
    "ru": "Темное зерно, вкус которого при обработке более землистый, чем у пшеницы.",
    "tr": "İşlendiğinde buğdaydan daha toprağımsı bir tat kazanan koyu renkli bir tahıl.",
    "zh": "一种比小麦更有泥土味的深褐色作物。"
  },
    "ContextTags": [
        "season_fall",
        "color_pale_yellow",
        "vegetable_item",
    ],
}
