{
    "Name": "Basil",
    "Description": "Generally speaking, the herb is sweet, slightly minty and slightly peppery.",
    "Category": "Vegetable",    
    "CategoryTextOverride": "Herb",
    "CategoryColorOverride": "93, 153, 80, 255",
    "Edibility": 5,
    "Price": 35,
    "IsColored": false,
    "GiftTastes":
    {
        "Love": ["Gus"],
        "Like": ["Abigail", "Alex", "Caroline", "Clint", "Demetrius", "Dwarf", "Elliott", "Emily", "Evelyn", "George", "Haley", "Harvey", "Jas", "Jodi", "Kent", "Krobus", "Leah", "Lewis", "Linus", "Marnie", "Maru", "Pam", "Penny", "Pierre", "Robin", "Sam", "Sandy", "Sebastian", "Shane", "Vincent", "Willy", "Wizard"],
    },
    "Recipe": null,
  "NameLocalization": {
    "es": "Albahaca",
    "ko": "바질",
    "de": "Basilikum",
    "fr": "Basilic",
    "hu": "Bazsalikom",
    // "it": "",
    "ja": "バジル",
    "pt": "Manjericão",
    "ru": "Базилик",
    "tr": "Fesleğen",
    "zh": "罗勒"
  },
  "DescriptionLocalization": {
    "es": "En términos generales, es dulce, ligeramente mentolada y ligeramente picante.",
    "ko": "일반적으로, 약간 시원하고 알싸한 맛이 납니다.",
    "de": "Es schmeckt süß,etwas pfeffrig und nach Minze.",
    "fr": "D'une manière générale, la plante est douce, légérement menthée avec quelques touches épicées.",
    "hu": "Általában ennek a gyógynövénynek az íze édes, valamint kicsit mentás és kicsit borsos.",
    // "it": "",
    "ja": "一般的に、このハーブは甘くミント風味でわずかにピリっとすると言われています。",
    "pt": "De um modo geral, é uma erva doce, levemente mentolada e apimentada.",
    "ru": "Слегка пряная и мятная, сладкая трава.",
    "tr": "Genelde bu bitki biraz tatlıdır, biraz nanemsidir ve biraz da acıdır.",
    "zh": "一般来说，这种草药很甜，有点薄荷味，有点辛辣。"
  },
    "ContextTags": [
        "season_spring",
        "color_green",
        "herb_item",
    ],
}
