{
    "Name": "Passion Fruit",
    "Description": "The passion fruit is a pepo, a type of berry, with a juicy interior filled with numerous seeds.",
    "Category": "Fruit",
    "Edibility": 15,
    "Price": 95,
    "IsColored": false,
    "GiftTastes":
    {
        "Love": ["Elliott"],
        "Like": ["Abigail", "Demetrius", "Haley", "Harvey", "Jodi", "Kent", "Leah", "Linus", "Marnie", "Maru", "Pam", "Penny", "Pierre", "Robin", "Sandy", "Sebastian", "Shane"],
        "Neutral": ["Alex", "Caroline", "Clint", "Dwarf", "Emily", "Evelyn", "George", "Gus", "Krobus", "Lewis", "Sam", "Wizard"],
        "Dislike": ["Jas", "Vincent", "Willy"],
    },
    "Recipe": null,
  "NameLocalization": {
    "es": "Maracuyá",
    "ko": "패션프루트",
    "de": "Passionsfrucht",
    "fr": "Fruit de la passion",
    "hu": "Maracuja",
    // "it": "",
    "ja": "パッションフルーツ",
    "pt": "Maracujá",
    "ru": "Маракуйя",
    "tr": "Çarkıfelek Meyvesi",
    "zh": "百香果"
  },
  "DescriptionLocalization": {
    "es": "El maracuyá es un tipo de baya, con un jugoso interior lleno de numerosas semillas.",
    "ko": "과상과인 패션프루트는, 수분이 많고 내부가 수많은 씨앗으로 채워져있습니다.",
    "de": "Eine Beere mit einem saftigen Inneren, das mit zahlreichen Samen gefüllt ist.",
    "fr": "Le fruit de la passion est un Pepo, un type de baie, juteux à l'intérieur et rempli de nombreuses graines.",
    "hu": "A maracuja egy bogyós termés lében és bagban dús belsővel.",
    // "it": "",
    "ja": "ベリーに近いウリの仲間。種がぎっしり詰まっている。とてもジューシー。",
    "pt": "O maracujá é um fruto carnoso, do tipo baga com interior suculento cheio de sementes.",
    "ru": "Сочная ягода, наполненная многочисленными семенами",
    "tr": "Çarkıfelek meyvesi, içi sulu ve içinde çok sayıda tohumu olan bir meyvedir.",
    "zh": "百香果是一种瓠果，浆果的一种，里面有多汁的内部和很多种子。瓠果是具有坚硬外果皮的浆果。"
  },
    "ContextTags": [
        "season_spring",
        "color_pink",
        "fruit_item",
    ],
}
