{
    "Name": "Sulfur Shelf Mushroom",
    "Description": "Known by it's alternative name: Chicken of the Woods.",
    "Category": "Vegetable",
    "Edibility": 9,
    "Price": 180,
    "IsColored": false,
    "GiftTastes":
    {
        "Like": ["Harvey", "Leah", "Linus"],
        "Dislike": ["Caroline", "Dwarf", "Elliott", "Haley", "Jas", "Jodi", "Krobus", "Pierre", "Sam", "Sebastian", "Shane", "Vincent", "Willy", "Wizard"],
    },
    "Recipe": null,
    "CanPurchase": false,
  "NameLocalization": {
    "es": "Seta Pollo de los bosques",
    "ko": "붉은덕다리버섯",
    "de": "Gemeiner Schwefelporling",
    "fr": "Polypore soufré",
    "hu": "Sárga gévagomba",
    // "it": "",
    "ja": "アイカワタケ",
    "pt": "Cogumelo Pólipo de Enxofre",
    "ru": "Трутовик серно-жёлтый",
    "tr": "Kükürt Mantarı",
    "zh": "硫磺菌"
  },
  "DescriptionLocalization": {
    "es": "¡Saben a pollo!",
    "ko": "다른 이름: 숲속의 닭고기.",
    "de": "Auch unter dem Namen 'Huhn des Waldes' bekannt.",
    "fr": "Champignon comestible aussi connu sous son autre nom : « Poulet-des-Bois ».",
    "hu": "Fűzfatüdő néven is ismert.",
    // "it": "",
    "ja": "「森の鶏肉」としても知られている。",
    "pt": "Bastante Conhecido por seu nome alternativo 'galinha de madeira'.",
    "ru": "Известен также как древесный цыплёнок.",
    "tr": "Nam-ı diğer ormanların tavuğu.",
    "zh": "它的另一个名字是:树鸡蘑。"
  },
    "ContextTags": [
        "season_spring",
        "season_fall",
        "color_brown",
        "mushroom_item",
        "crop_year_4",
    ],
}
