{
    "Name": "Cotton Boll",
    "Description": "Fluffy and white, it can be used to make thread.",
    "Category": "Fruit",
    "Edibility": -300,
    "Price": 65,
    "IsColored": false,
    "GiftTastes":
    {
        "Neutral": ["Abigail", "Alex", "Caroline", "Clint", "Demetrius", "Dwarf", "Elliott", "Emily", "Evelyn", "George", "Gus", "Haley", "Harvey", "Jodi", "Kent", "Krobus", "Leah", "Lewis", "Linus", "Marnie", "Maru", "Pam", "Penny", "Pierre", "Robin", "Sam", "Sandy", "Sebastian", "Shane", "Willy", "Wizard"],
        "Dislike": ["Jas", "Vincent"],
    },
    "Recipe": null,
  "NameLocalization": {
    "es": "Capsula de algodón",
    "ko": "목화 솜",
    "de": "Baumwolle",
    "fr": "Capsule de coton",
    "hu": "Gyapot",
    // "it": "",
    "ja": "綿花",
    "pt": "Bola de algodão",
    "ru": "Цветок хлопка",
    "tr": "Pamuk",
    "zh": "棉花"
  },
  "DescriptionLocalization": {
    "es": "Esponjoso y blanco, puede ser utilizado para hacer hilo.",
    "ko": "푹신하고 흰 목화 솜은 실을 만드는데 이용됩니다.",
    "de": "Weiß und flauschig, wird zu Garn gesponnen.",
    "fr": "Duveteux et blanc, il peut servir à faire du fil.",
    "hu": "Pehlyhes és fehér, cerna készítésére használják.",
    // "it": "",
    "ja": "白くてふわふわ。糸の材料になる。",
    "pt": "Fofa e branca, ele pode ser usada para fazer fios.",
    "ru": "Белый и пушистый, может использоваться для изготовления ниток.",
    "tr": "Kabarık ve beyaz, iplik yapmak için kullanılabilir.",
    "zh": "蓬松白色的棉花，可以用来制作线。"
  },
    "ContextTags": [
        "season_summer",
        "season_fall",
        "color_white",
        "fruit_item",
    ],
}
