{
    "Format": "1.27.0",
    "ConfigSchema": {
        "Color Palette": {"AllowValues": "Vanilla, Earthy, Starblue",
    	                    "Default": "Vanilla",
                          "Section": "General"},
        "Vanilla color bus": {"AllowValues": "True, False",
      	                  "Default": "True",
                          "Section": "General"},
        "Rust-free pickup": {"AllowValues": "True, False",
                        	   "Default": "False",
                             "Section": "General"},
        "Elle's Cart Pig": {"AllowValues": "True, False",
                        	   "Default": "False",
                             "Section": "General"},
        "Aussie Caravan": {"AllowValues": "True, False",
                             "Default": "True",
                             "Section": "Vehicle Toggles"
                           },
        "Sebastian's bike": {"AllowValues": "True, False",
                       	   "Default": "True",
                           "Section": "Vehicle Toggles"
                         },
         "Mayor's Car": {"AllowValues": "True, False",
                        	   "Default": "True",
                            "Section": "Vehicle Toggles"
                          },
        "Joja Truck": {"AllowValues": "True, False",
                       	   "Default": "True",
                           "Section": "Vehicle Toggles"
                         },
         "Movie Car": {"AllowValues": "True, False",
                        	   "Default": "True",
                            "Section": "Vehicle Toggles"
                          },
          "Travelling Cart": {"AllowValues": "True, False",
                         	   "Default": "True",
                             "Section": "Vehicle Toggles"
                           }

    },
    "DynamicTokens": [
      {
         "Name": "BusStyle",
         "Value": "{{Color Palette}}"
      },
      {
         "Name": "BusStyle",
         "Value": "Vanilla",
         "When": {
            "Vanilla color bus": "True"
         }
      },
      {
         "Name": "rust",
         "Value": "",
      },
      {
         "Name": "rust",
         "Value": "_rustless",
         "When": {
            "Rust-free pickup": "True"
         }
      }
    ],
    "Changes": [
        //Mayor's car
        {
            "Action": "EditImage",
            "Target": "Maps/{{season}}_town",
            "FromFile": "assets/{{Color Palette}}/mayor_car_{{season}}{{rust}}.png",
            "FromArea": { "X": 0, "Y": 0, "Width": 64, "Height": 104 },
            "ToArea": { "X": 368, "Y": 520, "Width": 64, "Height": 104 },
            "PatchMode": "Replace",
            "When": {
      		      "Mayor's Car": "True",
      		  }
        },
        //Joja's truck
        {
            "Action": "EditImage",
            "Target": "Maps/{{season}}_town",
            "FromFile": "assets/{{Color Palette}}/joja_truck_{{season}}.png",
            "FromArea": { "X": 0, "Y": 0, "Width": 64, "Height": 128 },
            "ToArea": { "X": 192, "Y": 864, "Width": 64, "Height": 128 },
            "PatchMode": "Replace",
            "When": {
      		      "Joja Truck": "True",
      		  }
        },
        //Movies cars
        {
            "Action": "EditImage",
            "Target": "Maps/{{season}}_town",
            "FromFile": "assets/{{Color Palette}}/movie_car_{{season}}.png",
            "FromArea": { "X": 0, "Y": 0, "Width": 64, "Height": 112 },
            "ToArea": { "X": 432, "Y": 1040, "Width": 64, "Height": 112 },
            "PatchMode": "Replace",
            "When": {
      		      "Movie Car": "True",
      		  }
        },
        //Caravan
        {
            "Action": "EditImage",
            "Target": "Maps/{{season}}_town",
            "FromFile": "assets/Vanilla/caravan_{{season}}.png",
            "FromArea": { "X": 0, "Y": 0, "Width": 124, "Height": 64 },
            "ToArea": { "X": 224, "Y": 320, "Width": 124, "Height": 64 },
            "PatchMode": "Replace",
      		  "When": {
      		      "Aussie Caravan": "True",
      		  }
        },
        {
            "Action": "EditImage",
            "Target": "Maps/{{season}}_town",
            "FromFile": "assets/Vanilla/caravan_light_{{season}}.png",
            "FromArea": { "X": 0, "Y": 0, "Width": 16, "Height": 16 },
            "ToArea": { "X": 352, "Y": 352, "Width": 16, "Height": 16 },
            "PatchMode": "Replace",
      		  "When": {
      		      "Aussie Caravan": "True",
      		  }
        },

        //Willy's boat
        {
            "Action": "Load",
            "Target": "LooseSprites/WillysBoat",
            "FromFile": "assets/Vanilla/willy_boat.png",
            "When": {
              "HasMod": "ribeena.boatspriteadjuster",
            }
        },

        //Travelling cart
        //cart
        {
            "Action": "EditImage",
            "Target": "LooseSprites/Cursors",
            "FromFile": "assets/{{Color Palette}}/travelling_cart.png",
            "FromArea": { "X": 94, "Y": 0, "Width": 111, "Height": 71 },
            "ToArea": { "X": 142, "Y": 1381, "Width": 111, "Height": 71 },
            "PatchMode": "Replace",
            "When": {
      		      "Travelling Cart": "True",
      		  }
        },

        // Cart Pig
        {
          "Action": "EditImage",
          "Target": "LooseSprites/Cursors",
          "FromFile": "assets/{{Color Palette}}/travelling_cart.png",
          "FromArea": { "X": 64, "Y": 43, "Width": 30, "Height": 24 },
          "ToArea": { "X": 112, "Y": 1424, "Width": 30, "Height": 24 },
          "PatchMode": "Replace",
          "When": {
              "Travelling Cart": "True",
          }
        },
        // cart pig legs
        {
          "Action": "EditImage",
          "Target": "LooseSprites/Cursors",
          "FromFile": "assets/{{Color Palette}}/travelling_cart.png",
          "FromArea": { "X": 3, "Y": 63, "Width": 30, "Height": 5 },
          "ToArea": { "X": 51, "Y": 1444, "Width": 30, "Height": 5 },
          "PatchMode": "Replace",
          "When": {
              "Travelling Cart": "True",
          }
        },
        //elle's body
        {
          "Action": "EditImage",
          "Target": "LooseSprites/Cursors",
          "FromFile": "assets/{{Color Palette}}/travelling_cart.png",
          "FromArea": { "X": 64, "Y": 17, "Width": 30, "Height": 24 },
          "ToArea": { "X": 112, "Y": 1424, "Width": 30, "Height": 24 },
          "PatchMode": "Replace",
          "When": {
            "Travelling Cart": "True",
            "Elle's Cart Pig": "True",
          }
        },
        //elle's legs
        {
          "Action": "EditImage",
          "Target": "LooseSprites/Cursors",
          "FromFile": "assets/{{Color Palette}}/travelling_cart.png",
          "FromArea": { "X": 3, "Y": 37, "Width": 30, "Height": 5 },
          "ToArea": { "X": 51, "Y": 1444, "Width": 30, "Height": 5 },
          "PatchMode": "Replace",
          "When": {
            "Travelling Cart": "True",
            "Elle's Cart Pig": "True",
          }
        },

        //waving hand
        {
            "Action": "EditImage",
            "Target": "LooseSprites/Cursors",
            "FromFile": "assets/Vanilla/travelling_cart.png",
            "FromArea": { "X": 9, "Y": 49, "Width": 40, "Height": 12 },
            "ToArea": { "X": 57, "Y": 1430, "Width": 40, "Height": 12 },
            "PatchMode": "Replace",
            "When": {
                "Travelling Cart": "True",
            }
        },

        //Sebastian's bike
        //garage
        {
          "Action": "EditImage",
          "Target": "LooseSprites/Cursors",
          "FromFile": "assets/Vanilla/motorbike_garage.png",
          "FromArea": { "X": 0, "Y": 12, "Width": 48, "Height": 30 },
          "ToArea": { "X": 276, "Y": 1855, "Width": 48, "Height": 30 },
          "PatchMode": "Replace",
          "When": {
              "Sebastian's bike": "True",
          }
        },
        //riding
        {
          "Action": "EditImage",
          "Target": "LooseSprites/Cursors",
          "FromFile": "assets/Vanilla/motorbike_seb.png",
          "FromArea": { "X": 0, "Y": 0, "Width": 47, "Height": 36 },
          "ToArea": { "X": 405, "Y": 1852, "Width": 47, "Height": 36 },
          "PatchMode": "Replace",
          "When": {
              "Sebastian's bike": "True",
          }
        },
        //in world
        {
          "Action": "EditImage",
          "Target": "Maps/{{season}}_outdoorsTileSheet",
          "FromFile": "assets/Vanilla/motorbike.png",
          "FromArea": { "X": 0, "Y": 0, "Width": 48, "Height": 28 },
          "ToArea": { "X": 32, "Y": 1220, "Width": 48, "Height": 28 },
          "PatchMode": "Replace",
          "When": {
              "Sebastian's bike": "True",
          }
        },
        //on mountain
        {
          "Action": "EditImage",
          "Target": "Maps/sebastianMountainTiles",
          "FromFile": "assets/Vanilla/motorbike_mountain.png",
          "FromArea": { "X": 0, "Y": 0, "Width": 47, "Height": 27 },
          "ToArea": { "X": 273, "Y": 286, "Width": 47, "Height": 27 },
          "PatchMode": "Replace",
          "When": {
              "Sebastian's bike": "True",
          }
        },

        //Desert map fix (couldn't through SMAPI mod, had graphical error)
        {
            "Action": "EditMap",
            "Target": "Maps/Desert",
            "FromFile": "assets/Desert_fix.tmx",
            "ToArea": { "X": 18, "Y": 27, "Width": 1, "Height": 1 },
            "When": {
                "HasMod": "ribeena.busspriteadjuster",
            }
        },

        //bus front for covering
        {
            "Action": "EditImage",
            "Target": "LooseSprites/Cursors2",
            "FromFile": "assets/{{busstyle}}/bus_{{season}}.png",
            "FromArea": { "X": 0, "Y": 19, "Width": 21, "Height": 41 },
            "ToArea": { "X": 0, "Y": 0, "Width": 21, "Height": 41 },
            "PatchMode": "Replace",
            "When": {
      		      "HasMod": "ribeena.busspriteadjuster",
      		  }
        },
        //bus shadow redraw for fixed
        {
            "Action": "EditImage",
            "Target": "LooseSprites/Cursors",
            "FromFile": "assets/Vanilla/bus_shadow.png",
            "FromArea": { "X": 0, "Y": 0, "Width": 128, "Height": 64 },
            "ToArea": { "X": 288, "Y": 1247, "Width": 128, "Height": 64 },
            "PatchMode": "Replace",
            "When": {
      		      "HasMod": "ribeena.busspriteadjuster",
      		  }
        },
        //Bus graphics for destroyed bus
        {
          "Action": "EditImage",
          "Target": "LooseSprites/Cursors",
          "FromFile": "assets/{{busstyle}}/bus_broken_{{season}}.png",
          "FromArea": { "X": 0, "Y": 0, "Width": 128, "Height": 64 },
          "ToArea": { "X": 288, "Y": 1247, "Width": 128, "Height": 64 },
          "PatchMode": "Overlay",
          "When": {
              "HasMod": "ribeena.busspriteadjuster",
          }
        },
        //bus shadow redraw for fixed
        {
            "Action": "EditImage",
            "Target": "LooseSprites/Cursors",
            "FromFile": "assets/Vanilla/bus_shadow.png",
            "FromArea": { "X": 0, "Y": 0, "Width": 128, "Height": 64 },
            "ToArea": { "X": 288, "Y": 1247, "Width": 128, "Height": 64 },
            "PatchMode": "Replace",
            "When": {
      		      "HasFlag": "ccVault",
                "HasMod": "ribeena.busspriteadjuster",
      		  }
        },
        //main bus
        {
            "Action": "EditImage",
            "Target": "LooseSprites/Cursors",
            "FromFile": "assets/{{busstyle}}/bus_{{season}}.png",
            "FromArea": { "X": 0, "Y": 0, "Width": 128, "Height": 64 },
            "ToArea": { "X": 288, "Y": 1247, "Width": 128, "Height": 64 },
            "PatchMode": "Overlay",
            "When": {
      		      "HasFlag": "ccVault",
                "HasMod": "ribeena.busspriteadjuster",
      		  }
        },
        //bus door
        {
            "Action": "EditImage",
            "Target": "LooseSprites/Cursors",
            "FromFile": "assets/{{busstyle}}/bus_{{season}}.png",
            "FromArea": { "X": 0, "Y": 64, "Width": 111, "Height": 38 },
            "ToArea": { "X": 288, "Y": 1311, "Width": 111, "Height": 38 },
            "PatchMode": "Replace",
            "When": {
                "HasMod": "ribeena.busspriteadjuster",
            }
        },
        //Pam driving
        {
            "Action": "EditImage",
            "Target": "LooseSprites/Cursors",
            "FromFile": "assets/{{busstyle}}/bus_{{season}}.png",
            "FromArea": { "X": 96, "Y": 64, "Width": 32, "Height": 19 },
            "ToArea": { "X": 384, "Y": 1311, "Width": 32, "Height": 19 },
            "PatchMode": "Replace",
            "When": {
                "HasMod": "ribeena.busspriteadjuster",
            }
        },

        //Compatibility for Earthy Recolour (environmental) overlays on graphics
        {
            "Action": "Include",
            "FromFile": "assets/Earthy/overlays.json",
            "When": {
                "HasMod": "DaisyNiko.EarthyRecolour"
            }
        },

        //Compatibility for Starblue (environmental) overlays on graphics
        {
            "Action": "Include",
            "FromFile": "assets/Starblue/overlays.json",
            "When": {
                "HasMod": "Lita.StarblueValley"
            }
        }
    ]
}
