{
    "Name": "Fennel",
    "Description": "A food plant that can be eaten as a vegetable!",
    "Category": "Vegetable",    
    "CategoryTextOverride": "Herb",
    "CategoryColorOverride": "93, 153, 80, 255",
    "Edibility": 5,
    "Price": 35,
    "IsColored": false,
    "GiftTastes":
    {
        "Like": ["Alex", "Clint", "Demetrius", "Dwarf", "Elliott", "Emily", "Evelyn", "George", "Gus", "Harvey", "Jodi", "Kent", "Krobus", "Leah", "Lewis", "Linus", "Marnie", "Maru", "Pam", "Penny", "Pierre", "Robin", "Sandy", "Shane", "Willy", "Wizard"],
        "Dislike": ["Abigail", "Caroline", "Haley", "Jas", "Sam", "Sebastian", "Vincent"],
    },
    "Recipe": null,
  "NameLocalization": {
    "es": "Hinojo",
    "ko": "회향",
    "de": "Fenchel",
    "fr": "Fenouil",
    "hu": "Édeskömény",
    // "it": "",
    "ja": "フェンネル",
    "pt": "Erva-doce",
    "ru": "Укроп",
    "tr": "Rezene",
    "zh": "茴香"
  },
  "DescriptionLocalization": {
    "es": "¡Una planta que se puede comer como un vegetal!",
    "ko": "야채로 먹을 수 있습니다!",
    "de": "Eine Pflanze, die als Tee und Gewürz zum Einsatz kommt!",
    "fr": "Une plante avec un goût anisé qui peut se manger crue ou cuite.",
    "hu": "Ezt a növényt zöldségként fogyasztják.",
    // "it": "",
    "ja": "野菜として食べられている葉っぱ！",
    "pt": "Uma planta de alimentos que pode ser comido como um vegetal!",
    "ru": "Растение, использующееся в качестве приправы.",
    "tr": "Sebze diye yenilebilen bir bitki!",
    "zh": "一种可以作为蔬菜吃的食物！"
  },
    "ContextTags": [
        "season_fall",
        "color_pale_yellow",
        "herb_item",
        "crop_year_2",
    ],
}
