{
    "Name": "Fennel",
    "Product": "Fennel",
    "SeedName": "Fennel Seeds",
    "SeedDescription": "Plant these in fall. Takes 5 days to mature.",
    "Type": "Vegetable",

    "Seasons": ["fall"],
    "Phases": [1, 1, 2, 1],
    "RegrowthPhase": -1,
    "HarvestWithScythe": false,
    "TrellisCrop": false,
    "Colors": null,
    "Bonus":
    {
        "MinimumPerHarvest": 1,
        "MaximumPerHarvest": 1,
        "MaxIncreasePerFarmLevel": 5,
        "ExtraChance": 0.0,
    },
    "SeedPurchasePrice": 20,
    "SeedPurchaseRequirements": [
        "y 2",
    ],
  "SeedNameLocalization": {
    "es": "Semillas de hinojo",
    "ko": "회향 씨앗",
    "de": "Fenchel-Saat",
    "fr": "Graines de fenouil",
    "hu": "Édeskömény magvak",
    // "it": "",
    "ja": "フェンネルのタネ",
    "pt": "Sementes de erva-doce",
    "ru": "Семена укропа",
    "tr": "Rezene Tohumu",
    "zh": "茴香种子"
  },
  "SeedDescriptionLocalization": {
    "es": "Plántalas en otoño. Tardan 5 días en madurar.",
    "ko": "가을 작물. 성장하려면 5일이 소요됩니다.",
    "de": "Pflanze sie im Herbst. Wächst in 5 Tagen heran.",
    "fr": "À planter en automne. Prend 5 jours pour arriver à maturité.",
    "hu": "Ezeket ősszel ültesd el. 5 napig tart megérniük.",
    // "it": "",
    "ja": "秋植えの作物。そだつのに5日かかる。",
    "pt": "Plante-as no outono. Demora 5 dias para amadurecer.",
    "ru": "Сажайте осенью. Вырастает через 5 дней.",
    "tr": "Güzde ekilir. 5 günde yetişir.",
    "zh": "秋天播种。5天成熟。"
  }
}
