{
    "Name": "Sage",
    "Description": "Burned ceremonially to cleanse the spirit and welcome positive thoughts.",
    "Category": "Vegetable",
    "CategoryTextOverride": "Herb",
    "CategoryColorOverride": "93, 153, 80, 255",
    "Edibility": 5,
    "Price": 70,
    "IsColored": false,
    "GiftTastes":
    {
        "Like": ["Abigail", "Alex", "Caroline", "Clint", "Demetrius", "Dwarf", "Elliott", "Emily", "Evelyn", "George", "Gus", "Haley", "Harvey", "Jodi", "Kent", "Krobus", "Leah", "Lewis", "Linus", "Marnie", "Maru", "Pam", "Penny", "Pierre", "Robin", "Sam", "Sandy", "Sebastian", "Shane", "Willy", "Wizard"],
        "Neutral": ["Jas", "Vincent"],
    },
    "Recipe": null,
  "NameLocalization": {
    "es": "Salvia",
    "ko": "세이지",
    "de": "Salbei",
    "fr": "Sauge",
    "hu": "Zsálya",
    // "it": "",
    "ja": "セージ",
    "pt": "Sálvia",
    "ru": "Шалфей",
    "tr": "Adaçayı",
    "zh": "鼠尾草"
  },
  "DescriptionLocalization": {
    "es": "Quemado ceremonialmente para limpiar el espíritu y recibir pensamientos positivos.",
    "ko": "정신을 맑게 하고, 긍정적인 생각을 나게 하기 위해 의례적으로 태웁니다.",
    "de": "Wird zeremoniell verbrannt, um den Geist zu reinigen und für angenehme Gedanken zu sorgen.",
    "fr": "Brûlé cérémonieusement pour purifier les esprits et accueillir les pensées positives.",
    "hu": "Rituálisan el szokták égetni a lélek kitisztulására és a jó gondolatok befogadására.",
    // "it": "",
    "ja": "精神を浄化し向上させるために、伝統的な儀式で燃やして使われていた。",
    "pt": "Queimado cerimonialmente para purificar o espírito e receber pensamentos positivos.",
    "ru": "Сжигается во время церемоний, чтобы очистить разум и направить на добрые мысли.",
    "tr": "Ruhu temizlemek ve olumlu düşünceleri çağırmak için yakılır.",
    "zh": "常在一些仪式上焚烧，借此净化精神和欢迎积极的思想。它常被栽培来做为厨房用的香草或医疗用的药草，也可用于萃取精油、制作香包等。"
  },
    "ContextTags": [
        "season_fall",
        "color_green",
        "herb_item",
    ],
}
