{
    "Name": "Quinoa",
    "Product": "Quinoa",
    "SeedName": "Quinoa Seeds",
    "SeedDescription": "Plant in summer. Takes 6 days to mature.",
    "Type": "Vegetable",

    "Seasons": ["summer"],
    "Phases": [1, 2, 1, 2],
    "RegrowthPhase": -1,
    "HarvestWithScythe": false,
    "TrellisCrop": false,
    "Colors": null,
    "Bonus":
    {
        "MinimumPerHarvest": 1,
        "MaximumPerHarvest": 1,
        "MaxIncreasePerFarmLevel": 5,
        "ExtraChance": 0.0,
    },
    "SeedPurchasePrice": 20,
    "SeedPurchaseRequirements": [
        "y 4",
    ],

  "SeedNameLocalization": {
    "es": "Semillas de quinoa",
    "ko": "퀴노아 씨앗",
    "de": "Quinoa-Saat",
    "fr": "Graines de quinoa",
    "hu": "Kinoa magvak",
    // "it": "",
    "ja": "キヌアのタネ",
    "pt": "Sementes de Quinoa",
    "ru": "Семена киноа",
    "tr": "Kinoa Tohumu",
    "zh": "藜麦种子"
  },
  "SeedDescriptionLocalization": {
    "es": "Plántalas en verano. Tardan 6 días en madurar.",
    "ko": "여름 작물. 성장하려면 6일이 소요됩니다.",
    "de": "Pflanze sie im Sommer. Wächst in 6 Tagen heran.",
    "fr": "À planter en été. Prend 6 jours pour arriver à maturité.",
    "hu": "Ezeket nyáron ültesd el. 6 napig tart megérniük.",
    // "it": "",
    "ja": "夏植えの作物。そだつのに6日かかる。",
    "pt": "Plante-as no verão. Leva 6 dias para amadurecer.",
    "ru": "Сажайте летом. Вырастает через 6 дней.",
    "tr": "Yazın ekilir. 6 günde yetişir.",
    "zh": "夏天播种，6天成熟。"
  }
}
