{
    "Name": "Habanero",
    "Description": "A popular ingredient in hot sauces and other spicy foods. Scoville heat units of 200,000.",
    "Category": "Vegetable",
    "Edibility": -50,
    "Price": 120,
    "IsColored": false,
    "GiftTastes":
    {
        "Like": ["Alex", "Caroline", "Clint", "Demetrius", "Dwarf", "Elliott", "Emily", "Evelyn", "George", "Gus", "Harvey", "Jodi", "Kent", "Krobus", "Leah", "Lewis", "Linus", "Marnie", "Maru", "Pam", "Penny", "Pierre", "Robin", "Sandy", "Sebastian", "Shane", "Willy", "Wizard"],
        "Dislike": ["Abigail", "Haley", "Jas", "Sam", "Vincent"],
    },
    "Recipe": null,
  "NameLocalization": {
    "es": "Chile habanero",
    "ko": "하바네로",
    "de": "Habanero",
    "fr": "Poivre Habanero",
    "hu": "Habanero",
    // "it": "",
    "ja": "ハバネロ",
    "pt": "Pimenta Habanero",
    "ru": "Хабанеро",
    "tr": "Habanero Biberi",
    "zh": "哈瓦那辣椒"
  },
  "DescriptionLocalization": {
    "es": "Un ingrediente popular en salsas y otros alimentos picantes. Logra 200.000 puntos en la Escala de Scoville del picante.",
    "ko": "매운 소스와 다른 매운 음식에 사용되는 인기있는 재료. 스코빌 지수는 20만 입니다.",
    "de": "Eine häufig genutzte Zutat in Saucen und scharfem Essen. 200.000 Einheiten auf der Scoville-Skala.",
    "fr": "Un ingrédient populaire dans les sauces piquantes et d'autres plats épicés. 200 000 sur l'échelle de Scoville.",
    "hu": "Csípős szószok és egyéb más csípős ételek gyakori összetevője. 200,000 a hőegysége a Scoville-skálán.",
    // "it": "",
    "ja": "ホットソースや辛い料理の材料として人気のある野菜。辛さの値は200,000スコビル。",
    "pt": "Um ingrediente popular em molhos picantes e coisas do gênero. Atinge 200.000 pontos na Escala de Ardência de Scoville.",
    "ru": "Популярный ингредиент в горячих соусах и других острых продуктах. 200 000 единиц по шкале Сковилла",
    "tr": "Acı soslara ve diğer acılı yemeklerde bulunan popüler bir malzeme. Skaville'ye göre acılık oranı 200,000.",
    "zh": "在辣酱和其他辛辣食物中很受欢迎，斯高威尔辣度指数高达200,000"
  },
    "ContextTags": [
        "season_fall",
        "color_red_orange",
        "vegetable_item",
        "crop_year_3",
    ],
}
