{
    "Name": "Celery",
    "Description": "Crisp and refreshing, it has little inherent taste on its own.",
    "Category": "Vegetable",
    "Edibility": 8,
    "Price": 70,
    "IsColored": false,
    "GiftTastes":
    {
        "Love": ["Harvey"],
        "Like": ["Alex", "Caroline", "Clint", "Demetrius", "Dwarf", "Elliott", "Emily", "Evelyn", "George", "Gus", "Jodi", "Kent", "Krobus", "Leah", "Lewis", "Linus", "Marnie", "Maru", "Pam", "Penny", "Pierre", "Robin", "Sandy", "Sebastian", "Shane", "Willy", "Wizard"],
        "Dislike": ["Abigail", "Haley", "Jas", "Sam", "Vincent"],
    },
    "Recipe": null,
  "NameLocalization": {
    "es": "Apio",
    "ko": "셀러리",
    "de": "Sellerie",
    "fr": "Céleri",
    "hu": "Zeller",
    // "it": "",
    "ja": "セロリ",
    "pt": "Aipo",
    "ru": "Сельдерей",
    "tr": "Kereviz",
    "zh": "芹菜"
  },
  "DescriptionLocalization": {
    "es": "Crujiente y refrescante, tiene un pequeño sabor a sí mismo.",
    "ko": "아삭아삭하고 신선한 셀러리는, 그 자체로는 맛이 거의 없습니다.",
    "de": "Knackig und erfrischend, hat wenig Eigengeschmack.",
    "fr": "Croustillant et rafraîchissant, son goût inhérent est faible.",
    "hu": "Ropogós és frissítő, de az íze magában semleges.",
    // "it": "",
    "ja": "清々しく爽やかでいて、少し独特な味わい。",
    "pt": "Crocante e refrescante, possui um sabor especial.",
    "ru": "Хрустящий и освежающий, сам по себе практически безвкусный.",
    "tr": "Kıtır ve ferahlatıcı, kendi başına biraz doğal bir tadı var.",
    "zh": "清爽提神，本身就没有什么内在的味道。"
  },
    "ContextTags": [
        "season_fall",
        "color_green",
        "vegetable_item",
        "crop_year_2",
    ],
}
