{
    "Name": "Butternut Squash",
    "Product": "Butternut Squash",
    "SeedName": "Butternut Squash Seeds",
    "SeedDescription": "Plant these in summer. Takes 10 days to mature, and continues to produce after the first harvest.",
    "Type": "Vegetable",

    "Seasons": ["summer"],
    "Phases": [1, 2, 3, 2, 2, ],
    "RegrowthPhase": 4,
    "HarvestWithScythe": false,
    "TrellisCrop": false,
    "Colors": null,
    "Bonus":
    {
        "MinimumPerHarvest": 1,
        "MaximumPerHarvest": 1,
        "MaxIncreasePerFarmLevel": 5,
        "ExtraChance": 0.2,
    },
    "SeedPurchasePrice": 180,
    "SeedPurchaseRequirements": [
        "y 3",
    ],

  "SeedNameLocalization": {
    "es": "Semillas de calabaza moscada",
    "ko": "땅콩호박 씨앗",
    "de": "Butternusskürbis-Saat",
    "fr": "Graines de courge musquée",
    "hu": "Pézsmatök magvak",
    // "it": "",
    "ja": "バターナッツスクワッシュのタネ",
    "pt": "Sementes de Abóbora Tropical",
    "ru": "Семена мускатной тыквы",
    "tr": "Tatlı Kabak Tohumu",
    "zh": "冬南瓜种子"
  },
  "SeedDescriptionLocalization": {
    "es": "Plántalas en verano. Tarda 10 días en crecer y continúa produciendo después de la primera cosecha..",
    "ko": "여름 작물. 성장하려면 10일이 소요되지만, 수확한 후에도 계속 작물이 생산됩니다.",
    "de": "Planze sie im Sommer. Wächst in 10 Tagen heran und kann danach mehrmals geerntet werden.",
    "fr": "À planter en été. Prend 10 jours pour arriver à maturité, et continue à produire après la première récolte.",
    "hu": "Ezeket nyáron ültesd el. 10 napig tart megérniük, de utána tovább termelnek.",
    // "it": "",
    "ja": "夏植えの作物。そだつのに10日かかる。最初の収穫のあともくりかえし収穫できる。",
    "pt": "Plante-as no verão. Leva 10 dias para amadurecer e continua produzindo após a primeira colheita.",
    "ru": "Сажайте летом. Вырастает через 10 дней и продолжает давать урожай после первого сбора.",
    "tr": "Yazın ekilir. 10 günde yetişir ve ilk hasattan sonra yetişmeye devam eder.",
    "zh": "夏天播种，10天成熟，在第一次收获后循环生产（虽然叫冬南瓜，但并不在冬季播种）。"
  }
}
