{
    "Name": "Spinach",
    "Product": "Spinach",
    "SeedName": "Spinach Seeds",
    "SeedDescription": "Plant these in spring or fall. Takes 3 days to mature.",
    "Type": "Vegetable",

    "Seasons": ["spring", "fall"],
    "Phases": [1, 1, 1],
    "RegrowthPhase": -1,
    "HarvestWithScythe": false,
    "TrellisCrop": false,
    "Colors": null,
    "Bonus":
    {
        "MinimumPerHarvest": 1,
        "MaximumPerHarvest": 1,
        "MaxIncreasePerFarmLevel": 5,
        "ExtraChance": 0.0,
    },
    "SeedPurchasePrice": 15,
  "SeedNameLocalization": {
    "es": "Semillas de espinaca",
    "ko": "시금치 씨앗",
    "de": "Spinat-Saat",
    "fr": "Graines d'épinard",
    "hu": "Spenót magvak",
    // "it": "",
    "ja": "ホウレンソウのタネ",
    "pt": "Sementes de espinafre",
    "ru": "Семена шпината",
    "tr": "Ispanak Tohumu",
    "zh": "菠菜种子"
  },
  "SeedDescriptionLocalization": {
    "es": "Plántalas en primavera u otoño. Tardan 3 días en madurar.",
    "ko": "봄 또는 가을 작물. 성장하려면 3일이 소요됩니다.",
    "de": "Pflanze sie im Frühling oder Herbst. Wächst in 3 Tagen heran.",
    "fr": "À planter au printemps ou en automne. Prend 3 jours pour arriver à maturité.",
    "hu": "Ezeket tavasszal vagy ősszel ültesd el. 3 napig tart megérniük.",
    // "it": "",
    "ja": "春または秋植えの作物。そだつのに3日かかる。",
    "pt": "Plante-as na primavera ou no outono. Demora 3 dias para amadurecer.",
    "ru": "Сажайте весной или осенью. Вырастает через 3 дня.",
    "tr": "Baharda veya güzde ekilir. 3 günde yetişir.",
    "zh": "春天或秋天播种。3天成熟。"
  }
}