{
    "Name": "Cabbage",
    "Product": "Cabbage",
    "SeedName": "Cabbage Seeds",
    "SeedDescription": "Plant these in spring or fall. Takes 7 days to mature.",
    "Type": "Vegetable",

    "Seasons": ["spring", "fall"],
    "Phases": [1, 2, 2, 1, 1],
    "RegrowthPhase": -1,
    "HarvestWithScythe": false,
    "TrellisCrop": false,
    "Colors": null,
    "Bonus":
    {
        "MinimumPerHarvest": 1,
        "MaximumPerHarvest": 1,
        "MaxIncreasePerFarmLevel": 5,
        "ExtraChance": 0.0,
    },
    "SeedPurchasePrice": 80,
  "SeedNameLocalization": {
    "es": "Semillas de repollo",
    "ko": "양배추 씨앗",
    "de": "Kohl-Saat",
    "fr": "Graines de chou",
    "hu": "Fejes káposzta magvak",
    // "it": "",
    "ja": "キャベツのタネ",
    "pt": "Sementes de repolho",
    "ru": "Семена капусты",
    "tr": "Lahana Tohumu",
    "zh": "卷心菜种子"
  },
  "SeedDescriptionLocalization": {
    "es": "Plántalas en primavera u otoño. Tardan 7 días en madurar.",
    "ko": "봄 또는 가을 작물. 성장하려면 7일이 소요됩니다.",
    "de": "Pflanze sie im Frühling oder Herbst. Wächst in 7 Tagen heran.",
    "fr": "À planter au printemps ou en automne. Prend 7 jours pour arriver à maturité.",
    "hu": "Ezeket ősszel ültesd el. 7 napig tart megérniük.",
    // "it": "",
    "ja": "春植えの作物。そだつのに7日かかる。",
    "pt": "Plante-as na primavera ou no outono. Demora 7 dias para amadurecer.",
    "ru": "Сажайте весной или осенью. Вырастает через 7 дней.",
    "tr": "Baharda veya güzde ekilir. 7 günde yetişir.",
    "zh": "春天或秋天播种。7天成熟。"
  }
}