{
    "Name": "Blue Agave",
    "Product": "Blue Agave",
    "SeedName": "Blue Agave Seeds",
    "SeedDescription": "Plant these in summer. Takes 12 days to mature.",
    "Type": "Vegetable",

    "Seasons": ["summer"],
    "Phases": [2, 3, 4, 3, ],
    "RegrowthPhase": -1,
    "HarvestWithScythe": false,
    "TrellisCrop": false,
    "Colors": null,
    "Bonus":
    {
        "MinimumPerHarvest": 1,
        "MaximumPerHarvest": 1,
        "MaxIncreasePerFarmLevel": 5,
        "ExtraChance": 0.0,
    },
    "SeedPurchaseFrom": "Sandy",
    "SeedPurchasePrice": 200,
    "SeedPurchaseRequirements": [
        "y 3",
    ],
  "SeedNameLocalization": {
    "es": "Semillas de agave azul",
    "ko": "푸른 용설란 씨앗",
    "de": "Blaue Agaven-Saat",
    "fr": "Graines d'agave bleue",
    "hu": "Kék agávé magvak",
    // "it": "",
    "ja": "ブルーアガベのタネ",
    "pt": "Sementes de Agave azul",
    "ru": "Семена агавы голубой",
    "tr": "Sabırotu Tohumu",
    "zh": "蓝色龙舌兰种子"
  },
  "SeedDescriptionLocalization": {
    "es": "Plántalas en verano. Tardan 12 en madurar.",
    "ko": "여름 작물. 성장하려면 12일이 소요됩니다.",
    "de": "Pflanze sie im Sommer. Wächst in 12 Tagen heran.",
    "fr": "À planter en été. Prend 12 jours pour arriver à maturité.",
    "hu": "Ezeket nyáron ültesd el. 12 napig tart megérniük.",
    // "it": "",
    "ja": "夏植えの作物。そだつのに12日かかる。",
    "pt": "Plante-as no verão. Leva 12 dias para amadurecer.",
    "ru": "Сажайте летом. Вырастает через 12 дней.",
    "tr": "Yazın ekilir. 12 günde yetişir.",
    "zh": "夏天播种，12天成熟。"
  }
}
