{
    "Name": "Cucumber",
    "Description": "A delicious and watery snack.",
    "Category": "Vegetable",
    "Edibility": 20,
    "Price": 90,
    "IsColored": false,
    "GiftTastes":
    {
        "Like": ["Alex", "Caroline", "Clint", "Demetrius", "Dwarf", "Elliott", "Emily", "Evelyn", "George", "Gus", "Harvey", "Jodi", "Kent", "Krobus", "Leah", "Lewis", "Linus", "Marnie", "Pam", "Penny", "Pierre", "Robin", "Sandy", "Sebastian", "Shane", "Willy"],
        "Dislike": ["Abigail", "Haley", "Jas", "Maru", "Sam", "Vincent", "Wizard"],
    },
    "Recipe": null,
  "NameLocalization": {
    "es": "Pepino",
    "ko": "오이",
    "de": "Gurke",
    "fr": "Concombre",
    "hu": "Uborka",
    // "it": "",
    "ja": "キュウリ",
    "pt": "Pepino",
    "ru": "Огурец",
    "tr": "Salatalık",
    "zh": "黄瓜"
  },
  "DescriptionLocalization": {
    "es": "Un bocado delicioso y acuoso.",
    "ko": "맛있고 수분이 많은 간식.",
    "de": "Schmeckt sehr gut und enthält viel Wasser.",
    "fr": "Un en-cas délicieux et gorgé d'eau.",
    "hu": "Egy ízletes és lédús csemege.",
    // "it": "",
    "ja": "多くの水分を含んでいて、かりっとしておいしい。",
    "pt": "Um lanche delicioso e aguado.",
    "ru": "Вкусная водянистая закуска.",
    "tr": "Leziz ve sulu bir atıştırmalık.",
    "zh": "这是一种美味多汁的零嘴小吃。"
  },
    "ContextTags": [
        "season_summer",
        "color_green",
        "vegetable_item",
        "crop_year_2",
    ],
}
