{
    "Name": "Tabasco Pepper",
    "Description": "The only juicy variety of chili pepper. Scoville heat units of 40,000.",
    "Category": "Vegetable",
    "Edibility": -10,
    "Price": 80,
    "IsColored": false,
    "GiftTastes":
    {
        "Like": ["Alex", "Caroline", "Clint", "Demetrius", "Dwarf", "Elliott", "Emily", "Evelyn", "George", "Gus", "Harvey", "Jodi", "Kent", "Krobus", "Leah", "Lewis", "Linus", "Marnie", "Maru", "Pam", "Penny", "Pierre", "Robin", "Sandy", "Sebastian", "Shane", "Willy", "Wizard"],
        "Dislike": ["Abigail", "Haley", "Jas", "Sam", "Vincent"],
    },
    "Recipe": null,
  "NameLocalization": {
    "es": "Chile tabasco",
    "ko": "타바스코 고추",
    "de": "Tabasko-Pfeffer",
    "fr": "Piment Tabasco",
    "hu": "Tabasco paprika",
    // "it": "",
    "ja": "タバスコペッパー",
    "pt": "Pimenta Tabasco",
    "ru": "Перец табаско",
    "tr": "Tabasko Biberi",
    "zh": "塔巴斯哥辣椒"
  },
  "DescriptionLocalization": {
    "es": "La única variedad jugosa de chile. Logra 40.000 puntos en la escala Scoville del picante.",
    "ko": "고추 품종 중 유일하게 수분이 많습니다. 스코빌 지수는 40,000입니다.",
    "de": "Die einzige saftige Form des Chilipfeffers. 40.000 Einheiten auf der Scoville-Skala.",
    "fr": "La seule variété juteuse de piment. 40 000 sur l'échelle de Scoville.",
    "hu": "Az egyetlen lédús chiliféle. 40,000-es a Scoville értéke.",
    // "it": "",
    "ja": "唐辛子の品種の中で水分が多め。辛さの値は40,000スコビル。",
    "pt": "A única variedade suculenta de pimenta. Atinge 40.000 pontos na Escala de Ardência de Scoville.",
    "ru": "Единственный сочный сорт перца чили. 40,000 единиц по шкале Сковилла.",
    "tr": "Acı biberin tek sulu çeşidi. Skaville'ye göre acılık oranı 40,000",
    "zh": "唯一多汁的辣椒品种，斯高威尔辣度指数40,000。"
  },
    "ContextTags": [
        "season_fall",
        "color_red",
        "vegetable_item",
        "crop_year_3",
    ],
}
