{
    "Name": "Kidney Bean",
    "Description": "They contain a high amount of phytohemagglutinin which makes them more toxic than other beans.",
    "Category": "Vegetable",
    "Edibility": 12,
    "Price": 35,
    "IsColored": false,
    "Recipe": null,
    "GiftTastes":
    {
        "Love": ["Krobus"],
        "Hate": ["Alex", "Caroline", "Clint", "Demetrius", "Dwarf", "Elliott", "Emily", "Evelyn", "George", "Gus", "Jodi", "Kent", "Harvey", "Leah", "Linus", "Marnie", "Maru", "Pam", "Penny", "Pierre", "Robin", "Sandy", "Shane", "Willy", "Wizard", "Abigail", "Haley", "Jas", "Sam", "Sebastian", "Vincent", "Lewis"],
    },
  "NameLocalization": {
    "es": "Frijol",
    "ko": "강낭콩",
    "de": "Kidneybohnen",
    "fr": "Haricot rouge",
    "hu": "Vesebab",
    // "it": ""
    "ja": "インゲン豆",
    "pt": "Feijão Vermelho",
    "ru": "Красная фасоль",
    "tr": "Barbunya",
    "zh": "红腰豆"
  },
  "DescriptionLocalization": {
    "es": "Contienen una gran cantidad de fitohemaglutinina, que los hacen más tóxicos que otras judías.",
    "ko": "많은 양의 피토헤마글루티닌(식물성적혈구응집소)를 함유하고있어 다른 콩보다 독성이 강합니다.",
    "de": "Sie enthält eine hohen Anteil an Phytohämagglutinin und ist daher giftiger als andere Bohnen.",
    "fr": "Ils contiennent une dose importante de phytohémagglutinine ce qui les rend plus toxique que les autres haricots.",
    "hu": "A PH értéke magasabb az átlagnál, ezért savasabb a többi babnál.",
    // "it": "",
    "ja": "他の種類の豆よりも、中毒性の強いレクチンが多量に含まれている。",
    "pt": "Contém altas quantidades de fito-hemaglutinina que o faz ser mais tóxico que os outros feijões.",
    "ru": "Содержат большое количество фитогемагглютинина, что делает их значительно токсичнее  других бобовых.",
    "tr": "Yüksek oranda fitohemaglutinin içermesi onu diğer fasulyelerden daha toksik yapıyor.",
    "zh": "它们含有大量的植物血凝素，这使得它们比其它豆类更具毒性。"
  },
    "ContextTags": [
        "season_fall",
        "color_dark_red",
        "vegetable_item",
        "crop_year_4",
    ],
}
