{
    "Name": "Ginger",
    "Product": 829,
    "SeedName": "Ginger Seeds",
    "SeedDescription": "Plant these in summer. Takes 7 days to mature.",
    "Type": "Vegetable",
    "Seasons": ["summer"],
    "Phases": [1, 2, 2, 2],
    "RegrowthPhase": -1,
    "HarvestWithScythe": false,
    "TrellisCrop": false,
    "Colors": null,
    "Bonus":
    {
        "MinimumPerHarvest": 1,
        "MaximumPerHarvest": 1,
        "MaxIncreasePerFarmLevel": 5,
        "ExtraChance": 0.0,
    },
    "SeedPurchaseFrom": "Sandy",
    "SeedPurchasePrice": 35,
    "SeedPurchaseRequirements": [
        "n willyHours",
    ],
  "SeedNameLocalization": {
    "es": "Semillas de jengibre",
    "ko": "생강 씨앗",
    "de": "Ingwer-Saat",
    "fr": "Graines de gingembre",
    "hu": "Gyömbér magvak",
    // "it": "",
    "ja": "ショウガのタネ",
    "pt": "Sementes de gengibre",
    "ru": "Семена имбиря",
    "tr": "Zencefil Tohumu",
    "zh": "姜种子"
  },
  "SeedDescriptionLocalization": {
    "es": "Plántalas en verano. Tardan 7 días en madurar.",
    "ko": "여름 작물. 성장하려면 7일이 소요됩니다.",
    "de": "Pflanze sie im Sommer. Wächst in 7 Tagen heran.",
    "fr": "À planter en été. Prend 7 jours pour arriver à maturité.",
    "hu": "Ezeket nyáron ültesd el. 7 napig tart megérniük.",
    // "it": "",
    "ja": "夏植えの作物。そだつのに7日かかる。",
    "pt": "Plante-as no verão. Demora 7 dias para amadurecer.",
    "ru": "Сажайте летом. Вырастает через 7 дней.",
    "tr": "Yazın ekilir 7 günde yetişir.",
    "zh": "夏天播种。7天成熟。"
  },    
}
