{
    "Name": "Cabbage",
    "Description": "Have you ever tried cabbage bowling?",
    "Category": "Vegetable",
    "Edibility": 30,
    "Price": 120,
    "IsColored": false,
    "GiftTastes":
    {
        "Like": ["Alex", "Caroline", "Clint", "Demetrius", "Dwarf", "Elliott", "Emily", "Evelyn", "George", "Gus", "Harvey", "Jodi", "Kent", "Krobus", "Leah", "Lewis", "Linus", "Marnie", "Maru", "Pam", "Penny", "Pierre", "Robin", "Sandy", "Sebastian", "Shane", "Willy", "Wizard"],
        "Dislike": ["Abigail", "Haley", "Jas", "Sam", "Vincent"],
    },
    "Recipe": null,
  "NameLocalization": {
    "es": "Repollo",
    "ko": "양배추",
    "de": "Kohl",
    "fr": "Chou",
    "hu": "Fejes Káposzta",
    // "it": "",
    "ja": "キャベツ",
    "pt": "Repolho",
    "ru": "Капуста",
    "tr": "Lahana",
    "zh": "卷心菜"
  },
  "DescriptionLocalization": {
    "es": "¿Alguna vez has jugado a los bolos con repollo?",
    "ko": "양배추로 볼링 해 본 사람?",
    "de": "Hast du mal versucht, damit zu bowlen?",
    "fr": "Avez-vous déjà essayé le chou bouilli ?",
    "hu": "Próbáltad már a káposzta bowlingot?",
    // "it": "",
    "ja": "キャベツボーリングやった事ある？",
    "pt": "Você já tentou boliche de repolho?",
    "ru": "Вы когда-нибудь пробовали играть в боулинг капустой?",
    "tr": "Lahana bovlingini hiç denedin mi?",
    "zh": "你吃过一整碗卷心菜吗？"
  },
    "ContextTags": [
        "season_spring",
        "season_fall",
        "color_green",
        "vegetable_item",
    ],
}
