{
    "Name": "Shiitake Mushroom",
    "Product": "Shiitake Mushroom",
    "SeedName": "Shiitake Mushroom Starter",
    "SeedDescription": "Plant these in spring or fall. Takes 10 days to mature.",
    "Type": "Vegetable",

    "Seasons": ["spring", "fall"],
    "Phases": [3, 4, 3, ],
    "RegrowthPhase": -1,
    "HarvestWithScythe": false,
    "TrellisCrop": true,
    "Colors": null,
    "Bonus":
    {
        "MinimumPerHarvest": 2,
        "MaximumPerHarvest": 3,
        "MaxIncreasePerFarmLevel": 5,
        "ExtraChance": 0.1,
    },
    "SeedPurchasePrice": 500,
    "SeedPurchaseRequirements": [
        "y 4",
    ],

  "SeedNameLocalization": {
    "es": "Semillas de setas shiitake",
    "ko": "표고버섯 종자",
    "de": "Shiitake-Pilze-Starterset",
    "fr": "Spores de shiitaké",
    "hu": "Siitake gomba ültetvény",
    // "it": "",
    "ja": "シイタケの原木",
    "pt": "Sementes de Cogumelo Shiitake",
    "ru": "Семена шиитаке",
    "tr": "Şitaki Mantarı Yetiştirici",
    "zh": "香菇种子"
  },
  "SeedDescriptionLocalization": {
    "es": "Plántalas en primavera u otoño. Tardan 10 días en madurar.",
    "ko": "봄 또는 가을 작물. 성장하려면 10일이 소요됩니다.",
    "de": "Pflanze sie im Frühling oder Herbst. Wächst in 10 Tagen heran.",
    "fr": "À planter au printemps ou en automne. Prend 10 jours pour arriver à maturité.",
    "hu": "Ezeket tavasszal vagy ősszel ültesd el. 10 napig tart megérniük.",
    // "it": "",
    "ja": "春または秋植えの作物。そだつのに10日かかる。",
    "pt": "Plante-as na primavera ou outono. Leva 10 dias para amadurecer.",
    "ru": "Сажайте весной или осенью. Вырастает через 10 дней.",
    "tr": "Baharda veya güzde ekilir. 10 günde yetişir.",
    "zh": "春天或秋天播种，10天成熟。"
  }
}
