{
    "Name": "Zucchini",
    "Product": "Zucchini",
    "SeedName": "Zucchini Seeds",
    "SeedDescription": "Plant these in summer. Takes 14 days to mature, and continues to produce after the first harvest.",
    "Type": "Vegetable",

    "Seasons": ["summer"],
    "Phases": [3, 2, 3, 2, 4, ],
    "RegrowthPhase": 2,
    "HarvestWithScythe": false,
    "TrellisCrop": false,
    "Colors": null,
    "Bonus":
    {
        "MinimumPerHarvest": 1,
        "MaximumPerHarvest": 1,
        "MaxIncreasePerFarmLevel": 5,
        "ExtraChance": 0.0,
    },
    "SeedPurchasePrice": 225,
    "SeedPurchaseRequirements": [
        "y 3",
    ],

  "SeedNameLocalization": {
    "es": "Semillas de calabacín",
    "ko": "주키니 씨앗",
    "de": "Zucchini-Saat",
    "fr": "Graines de courgette",
    "hu": "Cukkini magvak",
    // "it": "",
    "ja": "ズッキーニのタネ",
    "pt": "Sementes de Abobrinha",
    "ru": "Семена цуккини",
    "tr": "Kabak Tohumu",
    "zh": "西葫芦种子"
  },
  "SeedDescriptionLocalization": {
    "es": "Plántalas en verano. Tardan 14 días en crecer, y continúan produciendo después de la primera cosecha.",
    "ko": "여름 작물. 성장하려먼 14일이 소요되지만, 수확한 후에도 계속 작물이 생산됩니다.",
    "de": "Pflanze sie im Sommer. Wächst in 14 Tagen heran und kann danach mehrmals geerntet werden.",
    "fr": "À planter en été. Prend 14 jours pour arriver à maturité, et continue de produire après la première récolte.",
    "hu": "Ezeket nyáron ültesd el. 14 napig tart megérniük, de utána tovább termelnek.",
    // "it": "",
    "ja": "夏植えの作物。そだつのに14日かかるが、そのあともくりかえし収穫できる。",
    "pt": "Plante-as no verão. Leva 14 dias para amadurecer e continuam produzindo após a primeira colheita",
    "ru": "Сажайте летом. Вырастает через 14 дней и продолжает давать урожай после первого сбора.",
    "tr": "Yazın ekilir. 14 günde yetişir ve ilk hasattan sonra yetişmeye devam eder.",
    "zh": "夏天播种，14天成熟，在第一次收获后循环生产。"
  }
}
