{
    "Name": "Basil",
    "Product": "Basil",
    "SeedName": "Basil Seeds",
    "SeedDescription": "Plant these in spring. Takes 5 days to mature.",
    "Type": "Vegetable",

    "Seasons": ["spring"],
    "Phases": [1, 1, 2, 1],
    "RegrowthPhase": -1,
    "HarvestWithScythe": false,
    "TrellisCrop": false,
    "Colors": null,
    "Bonus":
    {
        "MinimumPerHarvest": 1,
        "MaximumPerHarvest": 1,
        "MaxIncreasePerFarmLevel": 5,
        "ExtraChance": 0.0,
    },
    "SeedPurchasePrice": 20,
  "SeedNameLocalization": {
    "es": "Semillas de albahaca",
    "ko": "바질 씨앗",
    "de": "Basilikum-Saat",
    "fr": "Graines de basilic",
    "hu": "Bazsalikom magvak",
    // "it": "",
    "ja": "バジルのタネ",
    "pt": "Sementes de manjericão",
    "ru": "Семена базилика",
    "tr": "Fesleğen Tohumu",
    "zh": "罗勒种子"
  },
  "SeedDescriptionLocalization": {
    "es": "Plántalas en primavera. Tardan 5 días en madurar.",
    "ko": "봄 작물. 성장하려면 5일이 소요됩니다.",
    "de": "Pflanze sie im Frühling. Wächst in 5 Tagen heran.",
    "fr": "À planter au printemps. Prend 5 jours pour arriver à maturité.",
    "hu": "Ezeket tavasszal ültesd el. 5 napig tart megérniük.",
    // "it": "",
    "ja": "春植えの作物。そだつのに5日かかる。",
    "pt": "Plante-as na primavera. Demora 5 dias para amadurecer.",
    "ru": "Сажайте весной. Вырастает через 5 дней.",
    "tr": "Baharda ekilir. 5 günde yetişir.",
    "zh": "春天播种。5天成熟。"
  }
}
