{
    "Name": "Okra",
    "Product": "Okra",
    "SeedName": "Okra Seeds",
    "SeedDescription": "Plant these in summer or fall. Takes 10 days to mature, and continues to produce after the first harvest.",
    "Type": "Vegetable",

    "Seasons": ["summer", "fall"],
    "Phases": [1, 2, 3, 2, 2, ],
    "RegrowthPhase": 4,
    "HarvestWithScythe": false,
    "TrellisCrop": false,
    "Colors": null,
    "Bonus":
    {
        "MinimumPerHarvest": 1,
        "MaximumPerHarvest": 1,
        "MaxIncreasePerFarmLevel": 5,
        "ExtraChance": 0.2,
    },
    "SeedPurchasePrice": 160,
    "SeedPurchaseRequirements": [
        "y 3",
    ],

  "SeedNameLocalization": {
    "es": "Semillas de okra",
    "ko": "오크라 씨앗",
    "de": "Okra-Saat",
    "fr": "Graines de gombo",
    "hu": "Gombó magvak",
    // "it": "",
    "ja": "オクラのタネ",
    "pt": "Sementes de Quiabo",
    "ru": "Семена окры",
    "tr": "Bamya Tohumu",
    "zh": "秋葵荚种子"
  },
  "SeedDescriptionLocalization": {
    "es": "Plántalas en verano u otoño. Tardan 10 días en crecer, y continua produciendo después de la primera cosecha.",
    "ko": "여름 또는 가을 작물. 성장하려먼 10일이 소요되지만, 수확한 후에도 계속 작물이 생산됩니다.",
    "de": "Pflanze sie im Sommer oder Herbst. Wächst in 10 Tagen heran und kann danach mehrmals geerntet werden.",
    "fr": "À planter en été ou en automne. Prend 10 jours pour arriver à maturité, et continue de produire après la première récolte.",
    "hu": "Ezeket nyáron vagy ősszel ültesd el. 10 napig tart megérniük, de utána tovább termelnek.",
    // "it": "",
    "ja": "夏または秋植えの作物。そだつのに10日かかる。最初の収穫のあともくりかえし収穫できる。",
    "pt": "Plante-as no verão ou no outono. Leva 10 dias para amadurecer e continua a produzir após a primeira colheita",
    "ru": "Сажайте летом или осенью. Вырастает через 10 дней и продолжает давать урожай после первого сбора.",
    "tr": "Yazın veya güzde ekilir. 10 günde yetişir ve ilk hasattan sonra yetişmeye devam eder.",
    "zh": "夏天或秋天播种。10天成熟，在第一次收获后循环生产。"
  }
}
