{
    "Name": "Mint",
    "Product": "Mint",
    "SeedName": "Mint Seeds",
    "SeedDescription": "Plant these in the winter. Takes 4 days to mature.",
    "Type": "Vegetable",

    "Seasons": ["winter"],
    "Phases": [1, 1, 1, 1],
    "RegrowthPhase": -1,
    "HarvestWithScythe": false,
    "TrellisCrop": false,
    "Colors": null,
    "Bonus":
    {
        "MinimumPerHarvest": 2,
        "MaximumPerHarvest": 2,
        "MaxIncreasePerFarmLevel": 5,
        "ExtraChance": 0.0,
    },
    "SeedPurchasePrice": 30,
  "SeedNameLocalization": {
    "es": "Semillas de menta",
    "ko": "민트 씨앗",
    "de": "Minz-Saat",
    "fr": "Graines de menthe",
    "hu": "Menta magvak",
    // "it": "",
    "ja": "ミントのタネ",
    "pt": "Sementes de hortelã",
    "ru": "Семена мяты",
    "tr": "Nane Tohumu",
    "zh": "薄荷种子"
  },
  "SeedDescriptionLocalization": {
    "es": "Plántalas en invierno. Tardan 4 días en madurar.",
    "ko": "겨울 작물. 성장하려면 4일이 소요됩니다.",
    "de": "Pflanze sie im Winter. Wächst in 4 Tagen heran.",
    "fr": "À planter en hiver. Prend 4 jours pour arriver à maturité.",
    "hu": "Ezeket télen ültesd el. 4 napig tart megérniük.",
    // "it": "",
    "ja": "冬植えの作物。そだつのに4日かかる。",
    "pt": "Plante-as no inverno. Demora 4 para amadurecer.",
    "ru": "Сажайте зимой. Вырастает через 4 дня.",
    "tr": "Kışın ekilir. 4 günde yetişir.",
    "zh": "冬天播种。4天成熟。"
  }
}
