{
    "Name": "Jalapeno",
    "Description": "A moderately spicy pepper. A festive staple.",
    "Category": "Vegetable",
    "Edibility": 5,
    "Price": 40,
    "IsColored": false,
    "Recipe": null,
    "GiftTastes":
    {
        "Love": ["Sam", "Sebastian", "Kent", "Gus", "Sandy"],
        "Like": ["Alex", "Caroline", "Clint", "Elliott", "Emily", "Evelyn", "George", "Harvey", "Jodi", "Leah", "Lewis", "Linus", "Marnie", "Maru", "Pam", "Penny", "Pierre", "Robin", "Sandy", "Willy", "Wizard"],
        "Dislike": ["Abigail", "Haley", "Jas", "Vincent"],
    },
  "NameLocalization": {
    "es": "Jalapeño",
    "ko": "할라페뇨",
    "de": "Jalapeno",
    "fr": "Jalapeño",
    "hu": "Jalapeno",
    // "it": "",
    "ja": "ハラペーニョ",
    "pt": "Pimenta Jalapeño",
    "ru": "Перец халапьено",
    "tr": "Jalapeno Biberi",
    "zh": "墨西哥辣椒"
  },
  "DescriptionLocalization": {
    "es": "Un pimiento moderadamente picante. Un básico en las fiestas.",
    "ko": "적당히 매운 고추. 축제의 필수품.",
    "de": "Ein mittelscharfer Pfeffer.",
    "fr": "Un piment modérément épicé. Un incontournable du festival.",
    "hu": "Egy közepesen erős paprika",
    // "it": "",
    "ja": "適度に辛い唐辛子。お祭りに欠かせない。",
    "pt": "Uma pimenta moderadamente picante. Uma estrela da festa!",
    "ru": "Умеренно острый перец. Незаменим во время фестивалей.",
    "tr": "Orta acılıkta bir biber. Şenliklerin olmazsa olmazı.",
    "zh": "一种中等辣度的辣椒。也被作为节日的主食。"
  },
    "ContextTags": [
        "season_fall",
        "color_green",
        "vegetable_item",
        "crop_year_3",
    ],
}
