{
    "Name": "Raspberry",
    "Product": "Raspberry",
    "SeedName": "Raspberry Seeds",
    "SeedDescription": "Plant these in summer. Takes 10 days to mature, and keeps producing after the first harvest.",
    "Type": "Fruit",

    "Seasons": ["summer"],
    "Phases": [1, 2, 3, 2, 2, ],
    "RegrowthPhase": 4,
    "HarvestWithScythe": false,
    "TrellisCrop": false,
    "Colors": null,
    "Bonus":
    {
        "MinimumPerHarvest": 3,
        "MaximumPerHarvest": 5,
        "MaxIncreasePerFarmLevel": 5,
        "ExtraChance": 0.2,
    },
    "SeedPurchasePrice": 60,
    "SeedPurchaseRequirements": [
        "y 2",
    ],
  "SeedNameLocalization": {
    "es": "Semillas de frambuesa",
    "ko": "라즈베리 씨앗",
    "de": "Himbeer-Saat",
    "fr": "Graines de framboisier",
    "hu": "Málna magvak",
    // "it": "",
    "ja": "ラズベリーのタネ",
    "pt": "Sementes de framboesa",
    "ru": "Семена малины",
    "tr": "Ahududu Tohumu",
    "zh": "树莓种子"
  },
  "SeedDescriptionLocalization": {
    "es": "Plántalas en verano. Tardan 10 días en crecer, y continuan produciendo después de la primera cosecha.",
    "ko": "여름 작물. 성장하려먼 10일이 소요되지만, 수확한 후에도 계속 작물이 생산됩니다.",
    "de": "Pflanze sie im Sommer. Wächst in 10 Tagen heran und kann danach mehrmals geerntet werden.",
    "fr": "À planter en été. Prend 10 jours pour arriver à maturité, et continue de produire après la première récolte.",
    "hu": "Ezeket nyáron ültesd el. 10 napig tart megérniük, de utána tovább termelnek.",
    // "it": "",
    "ja": "夏植えの作物。そだつのに10日かかる。最初の収穫のあともくりかえし収穫できる。",
    "pt": "Plante-as no verão. Demora 10 dias para amadurecer e continua produzindo após a primeira colheita.",
    "ru": "Сажайте летом. Вырастает через 10 дней и продолжает давать урожай после первого сбора.",
    "tr": "Yazın ekilir. 10 günde yetişir ve ilk hasattan sonra yetişmeye devam eder.",
    "zh": "夏天播种。10天成熟，在第一次收获后循环生产。"
  }
}
