{
    "Name": "Bamboo",
    "Product": "Bamboo",
    "SeedName": "Bamboo Cutting",
    "SeedDescription": "Plant these in spring or summer. Takes 7 days to mature. Harvest with a scythe. Continues to produce after the first harvest.",
    "Type": "Vegetable",
    "CropType": "Paddy",

    "Seasons": ["spring", "summer"],
    "Phases": [1, 1, 2, 1, 2, ],
    "RegrowthPhase": 5,
    "HarvestWithScythe": true,
    "TrellisCrop": false,
    "Colors": null,
    "Bonus":
    {
        "MinimumPerHarvest": 2,
        "MaximumPerHarvest": 4,
        "MaxIncreasePerFarmLevel": 5,
        "ExtraChance": 0.0,
    },
    "SeedPurchasePrice": 150,
    "SeedPurchaseRequirements": [
        "y 4"
    ],
  "SeedNameLocalization": {
    "es": "Corte de bambú",
    "ko": "대나무 가지",
    "de": "Bambussteckling",
    "fr": "Coupe de bambou",
    "hu": "Bambusz vágás",
    // "it": "",
    "ja": "竹の茎",
    "pt": "Sementes de Bambu",
    "ru": "Семена бамбука",
    "tr": "Bambu Kesiti",
    "zh": "竹苗"
  },
  "SeedDescriptionLocalization": {
    "es": "Plántalo en primavera o verano. Tardan 7 días en crecer. Cosecha con una guadaña. Continúa produciendo después de la primera cosecha.",
    "ko": "봄 또는 여름 작물. 성장하려면 5일이 소요됩니다. 낫으로 수확할 수 있습니다. 수확한 후에도 계속 작물이 생산되며 물 근처에 심으면 더 빨리 자랍니다. ",
    "de": "Planze ihn im Frühling oder Sommer. Wächst in 7 Tagen heran und kann danach mehrmals geerntet werden. Ernte ihn mit einer Sichel.",
    "fr": "À planter au printemps ou en été. Prend 7 jours pour arriver à maturité. À récolter à la faux. Continue à produire après la première récolte.",
    "hu": "Ezeket tavasszal vagy nyáron ültesd el. 7 napig tart megérniük, de utána tovább termelnek. Kaszával arathatod le.",
    // "it": "",
    "ja": "春または夏植えの作物。そだつのに7日かかる。最初の収穫のあともくりかえし収穫できる。収穫にはカマが必要。",
    "pt": "Plante-as na primavera ou verão. Leva 7 dias para amadurecer. Colha com a foice. Continua a produzir após a primeira colheita.",
    "ru": "Сажайте весной или летом. Вырастает через 7 дней и продолжает давать урожай после первого сбора. Собирайте урожай косой.",
    "tr": "Baharda veya yazın ekilir. 7 günde yetişir. Tırpanla hasat edilir ve ilk hasattan sonra yetişmeye devam eder.",
    "zh": "春天或夏天播种，7天成熟，用镰刀收获。在第一次收获后循环生产。"
  }
}
