{
    "Name": "Okra",
    "Description": "Wet and mushy on the inside, but delicious when fried.",
    "Category": "Vegetable",
    "Edibility": 10,
    "Price": 60,
    "IsColored": false,
    "Recipe": null,
    "GiftTastes":
    {
        "Love": ["Krobus", "Robin", "Sebastian"],
	"Like": ["Demetrius", "Maru", "Linus"],
        "Hate": ["Alex", "Caroline", "Clint", "Dwarf", "Elliott", "Emily", "Evelyn", "George", "Gus", "Jodi", "Kent", "Harvey", "Leah", "Marnie", "Pam", "Penny", "Pierre", "Sandy", "Shane", "Willy", "Wizard", "Abigail", "Haley", "Jas", "Sam", "Sebastian", "Vincent", "Lewis"],
    },
  "NameLocalization": {
    "es": "Okra",
    "ko": "오크라",
    "de": "Okra",
    "fr": "Gombo",
    "hu": "Gombó",
    // "it": "",
    "ja": "オクラ",
    "pt": "Quiabo",
    "ru": "Бамия",
    "tr": "Bamya",
    "zh": "秋葵荚"
  },
  "DescriptionLocalization": {
    "es": "Húmeda y blanda por dentro, pero deliciosa cuando se fríe.",
    "ko": "속은 축축하고 물렁물렁하지만, 튀기면 맛있습니다.",
    "de": "Weich und breiig im Inneren, aber köstlich nach dem Braten.",
    "fr": "Humide et ramolli à l'intérieur, mais délicieux quand il est cuit.",
    "hu": "Belül puha és nedves, de sülve ízletes.",
    // "it": "",
    "ja": "中身はねばねばしているが、揚げるとおいしい。",
    "pt": "Molhado e maduro por dentro, mas delicioso quando frito.",
    "ru": "Мягкая и сочная внутри, очень вкусная после запекания.",
    "tr": "İçi ıslak ve lapa gibidir, ama kızartıldığında lezizdir.",
    "zh": "里面湿漉漉黏乎乎的，但油炸时味道很好。 "
  },
    "ContextTags": [
        "season_summer",
        "season_fall",
        "color_green",
        "vegetable_item",
        "crop_year_3",
    ],
}
