{
    "Name": "Blue Agave",
    "Description": "A cut frond from a blue agave. It can be used the still to make alcohol.",
    "Category": "Vegetable",
    "CategoryTextOverride": "Succulent",
    "CategoryColorOverride": "93, 153, 80, 255",
    "Edibility": 8,
    "Price": 300,
    "IsColored": false,
    "Recipe": null,
    "GiftTastes":
    {
        "Love": ["Krobus"],
        "Hate": ["Alex", "Caroline", "Clint", "Demetrius", "Dwarf", "Elliott", "Emily", "Evelyn", "George", "Gus", "Jodi", "Kent", "Harvey", "Leah", "Linus", "Marnie", "Maru", "Pam", "Penny", "Pierre", "Robin", "Sandy", "Shane", "Willy", "Wizard", "Abigail", "Haley", "Jas", "Sam", "Sebastian", "Vincent", "Lewis"],
    },
  "NameLocalization": {
    "es": "Agave azul",
    "ko": "푸른 용설란",
    "de": "Blaue Agave",
    "fr": "Agave bleue",
    "hu": "Kék Agávé",
    // "it": "",
    "ja": "ブルーアガベ",
    "pt": "Agave Azul",
    "ru": "Агава голубая",
    "tr": "Sabırotu",
    "zh": "蓝色龙舌兰叶"
  },
  "DescriptionLocalization": {
    "es": "Una hoja cortada de un agave azul. Se puede usar para producir alcohol.",
    "ko": "푸른 용설란에서 잘라낸 잎. 증류 가마를 이용해 술로 만들 수 있습니다.",
    "de": "Ein geschnittener Wedel einer blauen Agave. Er kann in einer Destille zu Alkohol verarbeitet werden.",
    "fr": "Une feuille découpée d'agave bleue. Elle peut être distillée pour produire de l'alcool.",
    "hu": "Egy Kék Agávé levele. Alkohol előállítására használatos.",
    // "it": "",
    "ja": "青いリュウゼツランから切り取られた葉の部分。蒸留器を使ってお酒をつくることができる。",
    "pt": "Um corte frontal de uma agave azul. Pode ser usada no processo de fermentação de álcool,",
    "ru": "Срезанный лист агавы голубой. Может быть использован дл производства алкоголя.",
    "tr": "Sabırotundan kesilmiş bir yaprak. Alkol yapımında kullanılabilir.",
    "zh": "从蓝色龙舌兰上切下的叶子。它可以用来制造酒精。"
  },
    "ContextTags": [
        "season_summer",
        "color_blue",
        "succulent_item",
        "crop_year_3",
    ],
}
