{
    "Name": "Navy Bean",
    "Product": "Navy Bean",
    "SeedName": "Navy Bean Seeds",
    "SeedDescription": "Plant these in summer. Takes 10 days to mature, and continues to produce every 3 days. Grows on a trellis.",
    "Type": "Vegetable",

    "Seasons": ["summer"],
    "Phases": [1, 2, 3, 2, 2, ],
    "RegrowthPhase": 3,
    "HarvestWithScythe": false,
    "TrellisCrop": true,
    "Colors": null,
    "Bonus":
    {
        "MinimumPerHarvest": 2,
        "MaximumPerHarvest": 3,
        "MaxIncreasePerFarmLevel": 5,
        "ExtraChance": 0.1,
    },
    "SeedPurchasePrice": 80,
  "SeedNameLocalization": {
    "es": "Semillas de frijoles blancos",
    "ko": "흰 강낭콩 종자",
    "de": "Weiße Bohnen-Starterset",
    "fr": "Graines de petit haricot blanc",
    "hu": "Haricot bab magvak",
    // "it": "",
    "ja": "白インゲン豆のタネ",
    "pt": "Sementes de feijão branco",
    "ru": "Семена белой фасоли",
    "tr": "Lacivert Fasulye Tohumu",
    "zh": "菜豆种子"
  },
  "SeedDescriptionLocalization": {
    "es": "Plántalas en verano. Tardan 10 días en crecer, y continuan produciendo cada 3 días. Crece en una espaldera.",
    "ko": "여름 작물. 성장하려먼 10일이 소요되며, 3일마다 수확 할 수 있습니다. 격자 구조물에 감겨 자랍니다.",
    "de": "Pflanze sie im Sommer. Wächst in 10 Tagen heran und kann danach mehrmals geerntet werden. Wächst an einem Rankgerüst.",
    "fr": "À planter en été. Prend 10 jours pour arriver à maturité, et continue de produire tous les 3 jours. Pousse sur un treillis.",
    "hu": "Ezeket nyáron ültesd el. 10 napig tart megérniük, de utána tovább termelnek. Egy lécen terem meg.",
    // "it": "",
    "ja": "夏植えの作物。そだつのに10日かかる。最初の収穫のあともくりかえし収穫できる。支柱にからみながらそだつ。",
    "pt": "Plante-as no verão. Demora 10 dias para amadurecer e continua produzindo a cada 3 dias. Cresce em uma treliça.",
    "ru": "Сажайте летом. Вырастает через 10 дней и продолжает давать урожай каждые 3 дня. Растет на шпалере.",
    "tr": "Yazın ekilir. 10 günde yetişir ve ilk hasattan sonra 3 günde bir hasat edilir. Sırıkta yetişir.",
    "zh": "夏天播种。10天成熟，成熟之后每3天可收获一次。生长在架子上。"
  }
}