{
    "Name": "Thyme",
    "Description": "An aromatic herb in the mint family, with small rounded leaves and pink flowers.",
    "Category": "Vegetable",
    "CategoryTextOverride": "Herb",
    "CategoryColorOverride": "93, 153, 80, 255",
    "Edibility": 5,
    "Price": 55,
    "IsColored": false,
    "GiftTastes":
    {
        "Like": ["Abigail", "Alex", "Caroline", "Clint", "Demetrius", "Dwarf", "Elliott", "Emily", "Evelyn", "George", "Gus", "Haley", "Harvey", "Jodi", "Kent", "Krobus", "Leah", "Lewis", "Linus", "Marnie", "Maru", "Pam", "Penny", "Pierre", "Robin", "Sam", "Sandy", "Sebastian", "Shane", "Willy", "Wizard"],
        "Dislike": ["Jas", "Vincent"],
    },
    "Recipe": null,
  "NameLocalization": {
    "es": "Tomillo",
    "ko": "백리향",
    "de": "Thymian",
    "fr": "Thym",
    "hu": "Kakukkfű",
    // "it": "",
    "ja": "タイム",
    "pt": "Tomilho",
    "ru": "Тимьян",
    "tr": "Kekik",
    "zh": "百里香"
  },
  "DescriptionLocalization": {
    "es": "Una hierba aromática de la familia de la menta, con pequeñas hojas redondeadas y flores rosadas.",
    "ko": "민트과에 속하는 향기로운 허브로, 작고 둥근 잎과 분홍색 꽃을 가지고 있습니다.",
    "de": "Ein Vertreter der Familie der Minze, mit kleinen runden Blätter und pinke Blüten.",
    "fr": "Une herbe aromatique de la famille des menthes, avec des petites feuilles rondes et des fleurs roses.",
    "hu": "Egy aromás fűszer, kicsi kerek levelekkel és rózsaszín virágokkal. A menta rokona.",
    // "it": "",
    "ja": "小さな丸い葉にピンクの花が咲く、ミントの仲間のハーブ。",
    "pt": "Uma erva aromática na família das mentas, com pequenas folhas arredondadas e flores cor-de-rosa.",
    "ru": "Представитель семейства мятных, с маленькими круглыми листьями и розовыми цветами.",
    "tr": "Küçük yuvarlak yaprakları ve pembe çiçekleri olan, nane ailesinin aromatik bir üyesi.",
    "zh": "薄荷科的一种芳香草本植物，有小圆叶和粉红色的花。百里香原产于南欧，被作为一种美食的香料而广泛种植。"
  },
    "ContextTags": [
        "season_fall",
        "color_green",
        "herb_item",
    ],
}
