{
    "Name": "Adzuki Bean",
    "Product": "Adzuki Bean",
    "SeedName": "Adzuki Bean Seeds",
    "SeedDescription": "Plant these in summer. Takes 9 days to mature.",
    "Type": "Vegetable",

    "Seasons": ["summer"],
    "Phases": [1, 2, 3, 2, 1],
    "RegrowthPhase": -1,
    "HarvestWithScythe": false,
    "TrellisCrop": false,
    "Colors": null,
    "Bonus":
    {
        "MinimumPerHarvest": 1,
        "MaximumPerHarvest": 1,
        "MaxIncreasePerFarmLevel": 5,
        "ExtraChance": 0.0,
    },
    "SeedPurchasePrice": 50,
  "SeedNameLocalization": {
    "es": "Semillas de judías azuki",
    "ko": "팥 씨앗",
    "de": "Adzukibohnen-Saat",
    "fr": "Graines de haricot azuki",
    "hu": "Azukibab magvagvak",
    // "it": "",
    "ja": "アズキ豆のタネ",
    "pt": "Sementes de feijão-azuqui",
    "ru": "Семена фасоли адзуки",
    "tr": "Adzuki Fasulyesi Tohumu",
    "zh": "红豆种子"
  },
  "SeedDescriptionLocalization": {
    "es": "Plántalas en verano. Tardan 9 días en madurar",
    "ko": "여름 작물. 성장하려면 9일이 소요됩니다.",
    "de": "Pflanze sie im Sommer. Wächst in 9 Tagen heran.",
    "fr": "À planter en été. Prend 9 jours pour arriver à maturité.",
    "hu": "Ezeket nyáron ültesd el. 9 napig tart megérniük.",
    // "it": "",
    "ja": "夏植えの作物。そだつのに9日かかる。",
    "pt": "Plante-as no verão. Demora 9 dias para amadurecer.",
    "ru": "Сажайте летом. Вырастает через 9 дней.",
    "tr": "Yazın ekilir. 9 günde yetişir.",
    "zh": "夏天播种。9天成熟。"
  }
}