{
    "Name": "Rapeseed",
    "Product": "Rapeseed Flower",
    "SeedName": "Rapeseed Seeds",
    "SeedDescription": "Plant these in spring or summer. Takes 8 days to mature.",
    "Type": "Flower",

    "Seasons": ["spring", "summer"],
    "Phases": [1, 2, 1, 2, 2],
    "RegrowthPhase": -1,
    "HarvestWithScythe": true,
    "TrellisCrop": false,
    "Colors": null,
    "Bonus":
    {
        "MinimumPerHarvest": 2,
        "MaximumPerHarvest": 2,
        "MaxIncreasePerFarmLevel": 5,
        "ExtraChance": 0.0,
    },
    "SeedPurchasePrice": 100,
    "SeedPurchaseRequirements": [
        "y 3",
    ],

  "SeedNameLocalization": 
  {
    "es": "Semillas de colza",
    "ko": "유채 씨앗",
    "de": "Raps-Saat",
    "fr": "Graines de colza",
    "hu": "Repce magvak",
    // "it": "",
    "ja": "アブラナのタネ",
    "pt": "Sementes de Colza",
    "ru": "Семена рапса",
    "tr": "Kanola Tohumu",
    "zh": "油菜花种子"
  },
  "SeedDescriptionLocalization": 
  {
    "es": "Plántalas em promavera o verano. Tardan 8 días en madurar.",
    "ko": "봄 또는 여름 작물. 성장하려면 8일이 소요됩니다.",
    "de": "Pflanze sie im Frühling oder Sommer. Wächst in 8 Tagen heran.",
    "fr": "À planter au printemps ou en été. Prend 8 jours pour arriver à maturité.",
    "hu": "Ezeket nyáron ültesd el. 8 napig tart megérniük.",
    // "it": "",
    "ja": "春または夏植えの作物。そだつのに8日かかる。",
    "pt": "Plante-as na primavera ou verão. Leva 8 dias para amadurecer.",
    "ru": "Сажайте весной или летом. Вырастает через 8 дней.",
    "tr": "Baharda veya yazın ekilir. 8 günde yetişir.",
    "zh": "春天或夏天播种，8天成熟。"
  }
}
