{
    "Name": "Adzuki Bean",
    "Description": "Mash it and it becomes a paste.",
    "Category": "Vegetable",
    "Edibility": 22,
    "Price": 90,
    "IsColored": false,
    "Recipe": null,
    "GiftTastes":
    {
        "Love": ["Harvey"],
        "Like": ["Alex", "Caroline", "Clint", "Demetrius", "Dwarf", "Elliott", "Emily", "Evelyn", "George", "Gus", "Jodi", "Kent", "Krobus", "Leah", "Linus", "Marnie", "Maru", "Pam", "Penny", "Pierre", "Robin", "Sandy", "Shane", "Willy", "Wizard"],
        "Dislike": ["Abigail", "Haley", "Jas", "Sam", "Sebastian", "Vincent"],
        "Hate": ["Lewis"]
    },
  "NameLocalization": {
    "es": "Judías azuki",
    "ko": "팥",
    "de": "Adzukibohne",
    "fr": "Haricot azuki",
    "hu": "Adzukibab",
    // "it": "",
    "ja": "アズキ豆",
    "pt": "Feijão-azuqui",
    "ru": "Фасоль адзуки",
    "tr": "Adzuki Fasulyesi",
    "zh": "红豆"
  },
  "DescriptionLocalization": {
    "es": "Si lo trituras se convierte en una pasta.",
    "ko": "으깨서 앙금을 만들 수 있습니다.",
    "de": "Zerdrücke sie und du hast eine Paste.",
    "fr": "Mâchez-le et il deviendra une pâte.",
    "hu": "Összezúzásával pépet lehet belőle készíteni.",
    // "it": "",
    "ja": "潰してペーストにして使う。",
    "pt": "Amasse-os e eles se tornam uma pasta.",
    "ru": "Разомните её, и она станет пастой",
    "tr": "Ezince püre oluyor.",
    "zh": "把它捣碎变成糊状。"
  },
    "ContextTags": [
    "season_summer",
    "color_red",
    "color_white",
    "vegetable_item",
  ],
}
