{
    "Name": "Rapeseed Flower",
    "Description": "A flower from rapeseeds.",
    "Category": "Flower",
    "Edibility": -300,
    "Price": 50,
    "IsColored": false,
    "GiftTastes":
    {
        "Dislike": ["Abigail", "Alex", "Caroline", "Clint", "Demetrius", "Dwarf", "Elliott", "Emily", "Evelyn", "George", "Gus", "Haley", "Harvey", "Jas", "Jodi", "Kent", "Krobus", "Leah", "Lewis", "Linus", "Marnie", "Maru", "Pam", "Penny", "Pierre", "Robin", "Sam", "Sandy", "Shane", "Vincent", "Willy", "Wizard"],
        "Hate": ["Sebastian"],
    },
    "Recipe": null,
    "CanPurchase": true,
    "PurchaseFrom": "Gus",
    "PurchasePrice": 50,
  "NameLocalization": {
    "es": "Flor de colza",
    "ko": "유채꽃",
    "de": "Rapsblüte",
    "fr": "Fleur de colza",
    "hu": "Repce",
    // "it": "",
    "ja": "菜の花",
    "pt": "Flor de Colza",
    "ru": "Цветок рапса",
    "tr": "Kanola Çiçeği",
    "zh": "油菜花"
  },
  "DescriptionLocalization": {
    "es": "Una flor de colza.",
    "ko": "유채의 꽃 부분.",
    "de": "Die Blüte einer Rapspflanze.",
    "fr": "Une fleur de colza pour faire de l'huile.",
    "hu": "A repce virága.",
    // "it": "",
    "ja": "アブラナの花の部分。",
    "pt": "Uma flor de colzas.",
    "ru": "Цветок рапсового растения.",
    "tr": "Kanolanın bir çiçeği.",
    "zh": "油菜开的花。"
  },
    "ContextTags": [
        "season_spring",
        "season_summer",
        "color_yellow",
        "flower_item",
        "crop_year_3",
    ],
}
