{
    "Name": "Kiwi",
    "Description": "A juicy, fresh kiwi.",
    "Category": "Fruit",
    "Edibility": 12,
    "Price": 100,
    "IsColored": false,
    "GiftTastes":
    {
        "Love": ["Penny", ],
        "Like": ["Demetrius", "Dwarf", "Elliott", "Harvey", "Jodi", "Kent", "Leah", "Linus", "Pam", "Robin", "Sandy", "Shane"],
        "Neutral": ["Alex", "Caroline", "Clint", "Emily", "Evelyn", "George", "Gus", "Krobus", "Lewis", "Marnie", "Maru", "Pierre", "Sam", "Sebastian", "Willy", "Wizard"],
        "Dislike": ["Abigail", "Haley", "Jas", "Vincent"],
    },
    "Recipe": null,
  "NameLocalization": {
    "es": "Kiwi",
    "ko": "키위",
    "de": "Kiwi",
    "fr": "Kiwi",
    "hu": "Kiwi",
    // "it": "",
    "ja": "キウイ",
    "pt": "Kiwi",
    "ru": "Киви",
    "tr": "Kivi",
    "zh": "猕猴桃"
  },
  "DescriptionLocalization": {
    "es": "Un kiwi jugoso y fresco.",
    "ko": "즙이 많고, 신선한 키위.",
    "de": "Eine saftige, frische Kiwi.",
    "fr": "Un kiwi frais et juteux.",
    "hu": "Egy lédús, friss kiwi.",
    // "it": "",
    "ja": "フレッシュでジューシーなキウイ。",
    "pt": "Um kiwi suculento e fresco.",
    "ru": "Сочное, свежее киви.",
    "tr": "Sulu, taze bir kivi.",
    "zh": "多汁又新鲜的猕猴桃。"
  },
    "ContextTags": [
        "season_summer",
        "season_fall",
        "color_green",
        "color_brown",
        "fruit_item",
    ],
}
