{
    "Name": "Sugar Beet",
    "Product": "Sugar Beet",
    "SeedName": "Sugar Beet Seeds",
    "SeedDescription": "Plant these in spring. Takes 8 days to mature.",
    "Type": "Vegetable",

    "Seasons": ["spring"],
    "Phases": [1, 1, 2, 3, 1],
    "RegrowthPhase": -1,
    "HarvestWithScythe": false,
    "TrellisCrop": false,
    "Colors": null,
    "Bonus":
    {
        "MinimumPerHarvest": 1,
        "MaximumPerHarvest": 1,
        "MaxIncreasePerFarmLevel": 5,
        "ExtraChance": 0.0,
    },
    "SeedPurchasePrice": 100,
    "SeedPurchaseRequirements": ["y 2", ],
  "SeedNameLocalization": {
    "es": "Semillas de remolacha azucarera",
    "ko": "사탕무(감채) 씨앗",
    "de": "Zuckerrüben-Saat",
    "fr": "Graines de betterave sucrière",
    "hu": "Cukorrépa magvak",
    // "it": "",
    "ja": "テンサイのタネ",
    "pt": "Sementes de beterraba",
    "ru": "Семена сахарной свёклы",
    "tr": "Şeker Pancarı Tohumu",
    "zh": "甜菜种子"
  },
  "SeedDescriptionLocalization": {
    "es": "Plántalas en primavera. Tardan 8 días en madurar.",
    "ko": "봄 작물. 성장하려면 8일이 소요됩니다.",
    "de": "Pflanze sie im Frühling. Wächst in 8 Tagen heran.",
    "fr": "À planter au printemps. Prend 8 jours pour arriver à maturité.",
    "hu": "Ezeket tavasszal ültesd el. 8 napig tart megérniük.",
    // "it": "",
    "ja": "春植えの作物。そだつのに8日かかる。",
    "pt": "Plante-as na primavera. Demora 8 dias para amadurecer.",
    "ru": "Сажайте весной. Вырастает через 8 дней.",
    "tr": "Baharda ekilir. 8 günde yetişir.",
    "zh": "春天播种。8天成熟。"
  }
}
