{
    "Name": "Asparagus",
    "Description": "Its young shoots are used as a spring vegetable.",
    "Category": "Vegetable",
    "Edibility": 5,
    "Price": 35,
    "IsColored": false,
    "GiftTastes":
    {
        "Like": ["Gus", "Harvey", "Leah", "Linus"],
        "Neutral": ["Alex", "Caroline", "Clint", "Demetrius", "Dwarf", "Elliott", "Emily", "Evelyn", "George", "Jodi", "Kent", "Krobus", "Lewis", "Marnie", "Maru", "Pam", "Penny", "Pierre", "Robin", "Sandy", "Sebastian", "Shane", "Willy", "Wizard"],
        "Dislike": ["Abigail", "Haley", "Jas", "Sam", "Vincent"],
    },
    "Recipe": null,
  "NameLocalization": {
    "es": "Espárrago",
    "ko": "아스파라거스",
    "de": "Spargel",
    "fr": "Asperge",
    "hu": "Spárga",
    // "it": "",
    "ja": "アスパラガス",
    "pt": "Aspargo",
    "ru": "Спаржа",
    "tr": "Kuşkonmaz",
    "zh": "芦笋"
  },
  "DescriptionLocalization": {
    "es": "Sus brotes jóvenes se utilizan como verdura de primavera.",
    "ko": "어린 싹은 봄 요리에 쓰입니다.",
    "de": "Seine jungen Triebe werden als Frühlingsgemüse gegessen.",
    "fr": "Ses jeunes pousses sont utilisées comme un légume de printemps.",
    "hu": "A fiatal tavaszi hajtásokat zöldségként használják.",
    // "it": "",
    "ja": "若い芽は春野菜として料理に使われる。",
    "pt": "Seu jovem tronco é usado como vegetação primaveril.",
    "ru": "Её молодые побеги исползуются как весенний овощ.",
    "tr": "Filizleri bir bahar sebzesi olarak kullanılır.",
    "zh": "它的嫩芽用作春季蔬菜"
  },
    "ContextTags": [
        "season_summer",
        "color_green",
        "vegetable_item",
        "crop_year_4",
    ],
}
