{
    "Name": "Oat",
    "Description": "A nutrient-rich food associated with lower blood cholesterol when consumed regularly.",
    "Category": "Vegetable",
    "Edibility": 8,
    "Price": 25,
    "IsColored": false,
    "GiftTastes":
    {
        "Neutral": ["Abigail", "Alex", "Caroline", "Clint", "Demetrius", "Dwarf", "Elliott", "Emily", "Evelyn", "George", "Gus", "Haley", "Harvey", "Jas", "Jodi", "Kent", "Krobus", "Leah", "Lewis", "Linus", "Marnie", "Maru", "Pam", "Penny", "Pierre", "Robin", "Sam", "Sandy", "Sebastian", "Shane", "Vincent", "Willy", "Wizard"],
    },
    "Recipe": null,
  "NameLocalization": {
    "es": "Avena",
    "ko": "귀리",
    "de": "Hafer",
    "fr": "Avoine",
    "hu": "Zab",
    // "it": "",
    "ja": "カラスムギ",
    "pt": "Aveia",
    "ru": "Овёс",
    "tr": "Yulaf",
    "zh": "燕麦"
  },
  "DescriptionLocalization": {
    "es": "Un alimento rico en nutrientes asociado a niveles bajos de colesterol cuando se consume regularmente.",
    "ko": "규칙적으로 섭취하면 혈중 콜레스테롤을 낮출 수 있는 영양분이 풍부한 식품입니다.",
    "de": "Nährstoffreich und senkt bei regelmäßigem Verzehr nachweislich den Cholesterinspiegel im Blut.",
    "fr": "Un aliment riche en nutriments associé à une baisse du cholestérol dans le sang lorsque consommé régulièrement.",
    "hu": "Egy magas tápanyagtartalmú étel, melynek rendszeres fogyasztása alacsony vér koleszterinszinttel jár.",
    // "it": "",
    "ja": "栄養豊富な食品。定期的に食べると血中コレステロールの上昇を抑制する。",
    "pt": "Um alimento rico em nutrientes associado a baixos níveis de colesterol quando regularmente consumido.",
    "ru": "Зерно, богатое питательными веществами, ассоциирующееся с пониженным уровнем холестерина в крови при регулярном потреблении.",
    "ru": "Богатая питательными веществами пища, при регулярном употреблени способствующая понижению уровня холестерина в крови.",
    "tr": "Düzenli tüketildiğinde düşük kan kolestrolüyle ilişkili olan besin dolu bir yiyecek.",
    "zh": "一种营养丰富的食物，经常食用可降低血液胆固醇"
  },
    "ContextTags": [
        "season_fall",
        "color_tan",
        "vegetable_item",
        "crop_year_3",
    ],
}
