{
    "Name": "Kiwi",
    "Product": "Kiwi",
    "SeedName": "Kiwi Seeds",
    "SeedDescription": "Plant these in summer or fall. Takes 21 days to mature, and continues to produce every 3 days. Grows on a trellis.",
    "Type": "Fruit",

    "Seasons": ["summer", "fall"],
    "Phases": [3, 4, 3, 10, 1, ],
    "RegrowthPhase": 3,
    "HarvestWithScythe": false,
    "TrellisCrop": true,
    "Colors": null,
    "Bonus":
    {
        "MinimumPerHarvest": 1,
        "MaximumPerHarvest": 2,
        "MaxIncreasePerFarmLevel": 5,
        "ExtraChance": 0.1,
    },
    "SeedPurchasePrice": 300,
  "SeedNameLocalization": {
    "es": "Semillas de kiwi",
    "ko": "키위 종자",
    "de": "Kiwi-Starterset",
    "fr": "Graines d'actinidia",
    "hu": "Kiwi magvak",
    // "it": "",
    "ja": "キウイのタネ",
    "pt": "Sementes de kiwi",
    "ru": "Семена киви",
    "tr": "Kivi Tohumu",
    "zh": "猕猴桃种子"
  },
  "SeedDescriptionLocalization": {
    "es": "Plántalas en verano u otoño. Tardan 21 días en crecer, y continuan produciendo cada 3 días. Crece en una espaldera.",
    "ko": "여름 또는 가을 작물. 성장하려먼 21일이 소요되며, 3일마다 수확 할 수 있습니다. 격자 구조물에 감겨 자랍니다.",
    "de": "Pflanze sie im Sommer oder Herbst. Wächst in 21 Tagen heran und kann danach mehrmals geerntet werden. Wächst an einem Rankgerüst.",
    "fr": "À planter en été ou en automne. Prend 21 jours pour arriver à maturité, et continue de produire des kiwis tous les 3 jours. Pousse sur un treillis.",
    "hu": "Ezeket nyáron vagy ősszel ültesd el. 21 napig tart megérniük, de utána tovább termel 3 naponként. Egy lécen terem meg.",
    // "it": "",
    "ja": "夏または秋植えの作物。そだつのに21日かかるが、そのあともくりかえし収穫できる。支柱にからみながらそだつ。",
    "pt": "Plante-as no verão ou no outono. Demora 21 dias para amadurecer e continua produzindo a cada 3 dias. Cresce em uma treliça.",
    "ru": "Сажайте летом или осенью. Вырастает через 21 день и продолжает давать урожай каждые 3 дня. Растет на шпалере.",
    "tr": "Yazın veya güzde ekilir. 24 günde yetişir ve ilk hasattan sonra 3 günde bir tekrar hasat edilir. Sırıkta yetişir.",
    "zh": "夏天或秋天播种。21天成熟，收获之后每三天结一次果。生长在架子上。"
  }
}