{
    "Name": "Buckwheat",
    "Product": "Buckwheat",
    "SeedName": "Buckwheat Seeds",
    "SeedDescription": "Plant these in spring. Takes 4 days to mature. Harvest with a scythe.",
    "Type": "Vegetable",

    "Seasons": ["spring"],
    "Phases": [1, 1, 1, 1, ],
    "RegrowthPhase": -1,
    "HarvestWithScythe": true,
    "TrellisCrop": false,
    "Colors": null,
    "Bonus":
    {
        "MinimumPerHarvest": 1,
        "MaximumPerHarvest": 1,
        "MaxIncreasePerFarmLevel": 5,
        "ExtraChance": 0.0,
    },
    "SeedPurchasePrice": 10,
    "SeedPurchaseRequirements": ["y 2"],
  "SeedNameLocalization": {
    "es": "Semillas de trigo sarraceno",
    "ko": "메밀 씨앗",
    // "de": "",
    "fr": "Graines de blé noir",
    "hu": "Hajdina magvak",
    // "it": "",
    "ja": "ソバの種",
    "pt": "Sementes de trigo mourisco",
    // "ru": "",
    "tr": "Karabuğday Tohumu",
    "zh": "荞麦种子"
  },
  "SeedDescriptionLocalization": {
    "es": "Plántalas en primavera. Tardan 4 días en madurar. Cosecha con una guadaña.",
    "ko": "봄 작물. 성장하려면 4일이 소요됩니다. 낫으로 수확합니다.",
    // "de": "",
    "fr": "À planter au printemps. Prend 4 jours pour arriver à maturité. À récolter à la faux.",
    "hu": "Ezeket tavasszal ültesd el. 4 napig tart megérniük. Kaszával arathatod le.",
    // "it": "",
    "ja": "春植えの作物。そだつのに4日かかる。収穫にはカマが必要。",
    "pt": "Plante isso na primavera. Leva 4 dias para amadurecer. Colheita com uma foice.",
    // "ru": "",
    "tr": "Baharda ekilir. 4 günde yetişir. Tırpanla hasat edilir.",
    "zh": "春天播种，4天成熟，用镰刀收割。"
  }
}
