{
    "Name": "Cactus Flower",
    "Description": "A beautiful cactus bloom.",
    "Category": "Flower",
    "CategoryTextOverride": "Succulent",
    "CategoryColorOverride": "93, 153, 80, 255",
    "Edibility": 8,
    "Price": 600,
    "IsColored": false,
    "Recipe": null,
    "GiftTastes":
    {
        "Love": ["Krobus"],
        "Hate": ["Alex", "Caroline", "Clint", "Demetrius", "Dwarf", "Elliott", "Emily", "Evelyn", "George", "Gus", "Jodi", "Kent", "Harvey", "Leah", "Linus", "Marnie", "Maru", "Pam", "Penny", "Pierre", "Robin", "Sandy", "Shane", "Willy", "Wizard", "Abigail", "Haley", "Jas", "Sam", "Sebastian", "Vincent", "Lewis"],
    },
  "NameLocalization": {
    "es": "Flor de cactus",
    "ko": "선인장 꽃",
    "de": "Kaktusblüte",
    "fr": "Fleur de cactus",
    "hu": "Kaktuszvirág",
    // "it": "",
    "ja": "サボテンの花",
    "pt": "Flor do Cacto",
    "ru": "Цветок кактуса",
    "tr": "Kaktüs Çiçeği",
    "zh": "仙人掌花"
  },
  "DescriptionLocalization": {
    "es": "Una hermosa flor de cactus.",
    "ko": "아름다운 선인장 꽃.",
    "de": "Eine wunderschöne Kaktusblüte.",
    "fr": "Une belle efflorescence de cactus.",
    "hu": "Egy csodálatos kaktuszvirág",
    // "it": "",
    "ja": "美しく咲いたサボテンの花。",
    "pt": "Uma bonita flor do cacto.",
    "ru": "Красивый цветок кактуса.",
    "tr": "Güzel bir kaktüs çiçeği.",
    "zh": "一朵盛开的仙人掌花。"
  },
    "ContextTags": [
        "season_spring",
        "season_summer",
        "season_fall",
        "color_pink",
        "succulent_item",
        "crop_year_3",
    ],
}
