{
    "Name": "Durum",
    "Description": "A hard wheat used to make pasta and couscous.",
    "Category": "Vegetable",
    "Edibility": 8,
    "Price": 25,
    "IsColored": false,
    "GiftTastes":
    {
        "Neutral": ["Abigail", "Alex", "Caroline", "Clint", "Demetrius", "Dwarf", "Elliott", "Emily", "Evelyn", "George", "Gus", "Haley", "Harvey", "Jas", "Jodi", "Kent", "Krobus", "Leah", "Lewis", "Linus", "Marnie", "Maru", "Pam", "Penny", "Pierre", "Robin", "Sam", "Sandy", "Sebastian", "Shane", "Vincent", "Willy", "Wizard"],
    },
    "Recipe": null,
  "NameLocalization": {
    "es": "Trigo duro",
    "ko": "듀럼밀",
    "de": "Hartweizen",
    "fr": "Blé dur",
    "hu": "Durum",
    // "it": "",
    "ja": "デュラムコムギ",
    "pt": "Durum",
    "ru": "Твёрдая пшеница",
    "tr": "Makarnalık Buğday",
    "zh": "硬粒小麦"
  },
  "DescriptionLocalization": {
    "es": "Un trigo duro utilizado para hacer pasta y cuscús.",
    "ko": "단단한 밀은 파스타와 쿠스쿠스를 만드는데 사용됩니다.",
    "de": "Wird für Nudeln und Couscous genutzt.",
    "fr": "Un blé dur utilisé pour faire de la pâte et du couscous.",
    "hu": "Egy kemény gabonaféle melyet tészta és kuszkusz készítéshez használnak.",
    // "it": "",
    "ja": "パスタやクスクスを作るのに使われる固めのコムギ。",
    "pt": "Um trigo endurecido usado para fazer pasta e cuscuz.",
    "ru": "Используется для приготовления макарон и кускуса.",
    "tr": "Makarna ve kuskus yapmak için kullanılan sert bir buğday.",
    "zh": "用来做意大利面和粗麦粉的硬小麦。"
  },
    "ContextTags": [
        "season_fall",
        "color_tan",
        "vegetable_item",
        "crop_year_4",
    ],
}
