{
    "Name": "Ginseng",
    "Product": "Ginseng",
    "SeedName": "Ginseng Seeds",
    "SeedDescription": "Plant these in any season. Takes 30 days to mature.",
    "Type": "Vegetable",
    "Seasons": ["spring", "summer", "fall", "winter"],
    "Phases": [5, 5, 10, 10],
    "RegrowthPhase": -1,
    "HarvestWithScythe": false,
    "TrellisCrop": false,
    "Colors": null,
    "Bonus":
    {
        "MinimumPerHarvest": 1,
        "MaximumPerHarvest": 2,
        "MaxIncreasePerFarmLevel": 0,
        "ExtraChance": 0.2,
    },
    "SeedPurchaseFrom": "Dwarf",
    "SeedPurchasePrice": 1000,
  "SeedNameLocalization": {
    "es": "Semillas de ginseng",
    "ko": "인삼 씨앗",
    "de": "Ginseng",
    "fr": "Graines de ginseng",
    "hu": "Ginszeng magvak",
    // "it": "",
    "ja": "コウライニンジン",
    "pt": "Ginseng",
    "ru": "Женьшень",
    "tr": "Ginseng Tohumu",
    "zh": "人参"
  },
  "SeedDescriptionLocalization": {
    "es": "Plántalas en cualquier estación. Tardan 30 días en madurar.",
    "ko": "어느 계절에나 심을 수 있습니다. 자라는데 30일이 걸립니다.",
    "de": "Pflanzen Sie diese zu jeder Jahreszeit. Die Reifung dauert 30 Tage.",
    "fr": "À planter en toutes saisons. Prend 30 jours pour arriver à maturité.",
    "hu": "Ezeket bármelyik évszakban elültetheted. 30 napig tart megérniük.",
    // "it": "",
    "ja": "一年を通して栽培できる作物。そだつのに30日かかる。",
    "pt": "Plante-as em qualquer estação do ano. Leva 30 dias para amadurecer.",
    "ru": "Посади их в любое время года. Требуется 30 дней для созревания.",
    "tr": "Herhangi bir mevsimde ekilir. 30 günde yetişir.",
    "zh": "一年四季均可栽种。需要30天才能成熟。"
  }
}
