{
    "Name": "Onion",
    "Description": "Be careful when cutting it!",
    "Category": "Vegetable",
    "Edibility": 8,
    "Price": 115,
    "IsColored": false,
    "GiftTastes":
    {
        "Love": ["Krobus"],
        "Like": ["Alex", "Caroline", "Clint", "Demetrius", "Dwarf", "Elliott", "Emily", "George", "Gus", "Harvey", "Kent", "Leah", "Lewis", "Linus", "Marnie", "Maru", "Pam", "Penny", "Robin", "Sandy", "Sebastian", "Shane", "Willy", "Wizard"],
        "Dislike": ["Abigail", "Haley", "Jas", "Jodi", "Sam", "Vincent"],
        "Hate": ["Evelyn", "Pierre"],
    },
    "Recipe": null,
  "NameLocalization": {
    "es": "Cebolla",
    "ko": "양파",
    "de": "Zwiebel",
    "fr": "Oignon",
    "hu": "Vöröshagyma",
    // "it": "",
    "ja": "タマネギ",
    "pt": "Cebola",
    "ru": "Лук",
    "tr": "Soğan",
    "zh": "洋葱"
  },
  "DescriptionLocalization": {
    "es": "¡Ten cuidado al cortarla, podría hacerte llorar!",
    "ko": "썰 때 조심하세요!",
    "de": "Sei vorsichtig beim Schneiden!",
    "fr": "Soyez prudent en le coupant !",
    "hu": "Óvatosan szeleteld!",
    // "it": "",
    "ja": "切る時には目に注意して！",
    "pt": "Seja cuidado ao cortá-la!",
    "ru": "Будьте осторожны при резке!",
    "tr": "Keserken dikkat et!",
    "zh": "切它的时候小心点！"
  },
    "ContextTags": [
        "season_spring",
        "color_light_brown",
        "color_white",
        "vegetable_item",
    ],
}
