{
    "Name": "Perilla",
    "Product": "Perilla leaf",
    "SeedName": "Perilla Seeds",
    "SeedDescription": "Plant these in the summer. Takes 4 days to mature.",
    "Type": "Vegetable",

    "Seasons": ["summer"],
    "Phases": [1, 1, 1, 1],
    "RegrowthPhase": -1,
    "HarvestWithScythe": false,
    "TrellisCrop": false,
    "Colors": null,
    "Bonus":
    {
        "MinimumPerHarvest": 1,
        "MaximumPerHarvest": 1,
        "MaxIncreasePerFarmLevel": 5,
        "ExtraChance": 0.0,
    },
    "SeedPurchasePrice": 30,
    "SeedNameLocalization":
    {
        "es": "Semillas de perilla",
        "ko": "들깨 씨앗",
        // "de": "",
        "fr": "Graines de pérille",
        "hu": "Kínai bazsalikom magvak",
        // "it": "",
        "ja": "エゴマの種",
        "pt": "Sementes de Perilla",
        // "ru": "",
        "tr": "Perilla Tohumu",
        "zh": "紫苏种子"
    },
    "SeedDescriptionLocalization":
    {
        "es": "Plántalas en verano. Tardan 4 días en madurar.",
        "ko": "여름 작물. 성장하려면 4일이 소요됩니다.",
        "de": "Pflanze sie im Sommer. Wächst in 4 Tagen heran.",
        "fr": "À planter en été. Prend 4 jours pour arriver à maturité.",
        "hu": "Ezeket nyáron ültesd el. 4 napig tart megérniük.",
        // "it": "",
        "ja": "夏植えの作物。そだつのに4日かかる。",
        "pt": "Plante-as no verão. Demora 4 dias para amadurecer.",
        "ru": "Сажайте летом. Вырастает через 4 дней.",
        "tr": "Yazın ekilir. 4 günde yetişir.",
        "zh": "夏天播种。4天成熟。"
    }
}