{
    "Name": "Sugar_Cane",
    "Product": "Sugar Cane",
    "SeedName": "Sugar Cane Seeds",
    "SeedDescription": "Plant these in summer. Takes 10 days to mature. Harvest with a scythe.",
    "Type": "Vegetable",

    "Seasons": ["summer"],
    "Phases": [1, 2, 3, 2, 2],
    "RegrowthPhase": -1,
    "HarvestWithScythe": true,
    "TrellisCrop": false,
    "Colors": null,
    "Bonus":
    {
        "MinimumPerHarvest": 1,
        "MaximumPerHarvest": 1,
        "MaxIncreasePerFarmLevel": 5,
        "ExtraChance": 0.0,
    },
    "SeedPurchaseFrom": "Sandy",
    "SeedPurchasePrice": 110,
  "SeedNameLocalization": {
    "es": "Semillas de caña de azúcar",
    "ko": "사탕수수 씨앗",
    "de": "Zuckerrohr-Saat",
    "fr": "Graines de canne à sucre",
    "hu": "Cukornád magvak",
    // "it": "",
    "ja": "サトウキビのタネ",
    "pt": "Sementes de cana de açúcar",
    "ru": "Семена сахарного тростника",
    "tr": "Şeker Kamışı Tohumu",
    "zh": "甘蔗种子"
  },
  "SeedDescriptionLocalization": {
    "es": "Plántalas en verano. Tardan 10 días en madurar. Cosecha con una guadaña.",
    "ko": "여름 작물. 성장하려면 10일이 소요됩니다. 낫으로 수확 할 수 있습니다.",
    "de": "Pflanze sie im Sommer. Wächst in 10 Tagen heran. Wird mit einer Sense geerntet.",
    "fr": "À planter en été. Prend 10 jours pour arriver à maturité. À récolter à la faux.",
    "hu": "Ezeket nyáron ültesd el. 10 napig tart megérniük. Kaszával arathatod le.",
    // "it": "",
    "ja": "夏植えの作物。そだつのに10日かかる。収穫にはカマが必要。",
    "pt": "Plante-as no verão. Demora 10 dias para amadurecer. Colhe com uma foice.",
    "ru": "Сажайте летом. Вырастает через 10 дней. Собирайте урожай косой.",
    "tr": "Yazın ekilir. 10 günde yetişir. Tırpanla hasat edilir.",
    "zh": "夏天播种。10天成熟。用镰刀收割。"
  }
}
