{
    "Name": "Spinach",
    "Description": "He's strong to the finish because he eats his spinach!",
    "Category": "Vegetable",
    "Edibility": 15,
    "Price": 35,
    "IsColored": false,
    "GiftTastes":
    {
        "Like": ["Alex", "Caroline", "Clint", "Demetrius", "Dwarf", "Elliott", "Emily", "Evelyn", "George", "Gus", "Harvey", "Jodi", "Kent", "Krobus", "Leah", "Lewis", "Linus", "Marnie", "Maru", "Pam", "Penny", "Pierre", "Robin", "Sandy", "Sebastian", "Shane", "Willy", "Wizard"],
        "Dislike": ["Abigail", "Haley", "Jas", "Sam", "Vincent"],
    },
    "Recipe": null,
  "NameLocalization": {
    "es": "Espinaca",
    "ko": "시금치",
    "de": "Spinat",
    "fr": "Épinard",
    "hu": "Spenót",
    // "it": "",
    "ja": "ホウレンソウ",
    "pt": "Espinafre",
    "ru": "Шпинат",
    "tr": "Ispanak",
    "zh": "菠菜"
  },
  "DescriptionLocalization": {
    "es": "¡El es fuerte hasta el final porque se come las espinacas!",
    "ko": "시금치를 먹으면 힘이 세집니다!",
    "de": "Der macht STARK!",
    "fr": "Il est fort comme un bœuf car il mange ses épinards !",
    "hu": "Ettől leszel igazán ERŐS!",
    // "it": "",
    "ja": "いつもホウレンソウを食べているから、彼のフィニッシュは強烈だ！",
    "pt": "Ele é forte até o final porque come seu espinafre!",
    "ru": "Он так силён, потому что он ест свой шпинат!",
    "tr": "O sonuna kadar güçlü çünkü ıspanağını yiyor!",
    "zh": "他很强壮，因为他吃了他的菠菜！"
  },
    "ContextTags": [
        "season_spring",
        "season_fall",
        "color_green",
        "vegetable_item",
    ],
}
