{
    "Name": "Chives",
    "Description": "A small relative of the spring onion. It is often used in cooking and has a slightly sweet flavor.",
    "Category": "Vegetable",    
    "CategoryTextOverride": "Herb",
    "CategoryColorOverride": "93, 153, 80, 255",
    "Edibility": 5,
    "Price": 35,
    "IsColored": false,
    "GiftTastes":
    {
        "Like": ["Gus", "Harvey", "Leah", "Linus"],
        "Neutral": ["Alex", "Caroline", "Clint", "Demetrius", "Dwarf", "Elliott", "Emily", "Evelyn", "George", "Jodi", "Kent", "Krobus", "Lewis", "Marnie", "Maru", "Pam", "Penny", "Pierre", "Robin", "Sandy", "Sebastian", "Shane", "Willy", "Wizard"],
        "Dislike": ["Abigail", "Haley", "Jas", "Sam", "Vincent"],
    },
    "Recipe": null,
  "NameLocalization": {
    "es": "Cebollino",
    "ko": "차이브",
    "de": "Schnittlauch",
    "fr": "Ciboulette",
    "hu": "Metélőhagyma",
    // "it": "",
    "ja": "チャイブ",
    "pt": "Cebolinha",
    "ru": "Шнитт-лук",
    "tr": "Yaprak Soğanı",
    "zh": "香葱"
  },
  "DescriptionLocalization": {
    "es": "Un pariente pequeño de la cebolla de primavera. Se usa a menudo en la cocina y tiene un sabor ligeramente dulce.",
    "ko": "파와 가까운 친척으로, 요리에 자주 사용되고 약간 단맛이 납니다.",
    "de": "Triebe einer Frühlingszwiebel. Wird als Gewürz verwendet, leicht süßlicher Geschmack.",
    "fr": "Un petit parent de l'oignon vert. Elle est souvent utilisée dans la cuisine et a une légère saveur sucrée.",
    "hu": "Egy kisebb rokona az újhagymának. Gyakran főzéshez használják, az íze egy kicsit édeskés.",
    // "it": "",
    "ja": "葉タマネギの仲間。やや甘い風味があり、しばしば料理に使われる。",
    "pt": "Um parente pequeno da cebolinha. É frequentemente usado na culinária e tem um sabor levemente adocicado.",
    "ru": "Родственник зеленого лука. Часто используется в кулинарии, имеет сладковатый аромат.",
    "tr": "Yeşil soğanın küçük bir akrabası. Çoğu yemekte kullanılır ve biraz tatlıdır.",
    "zh": "这是一个春天洋葱的亲戚。它常用于烹饪，味道略甜。"
  },
    "ContextTags": [
        "season_summer",
        "color_green",
        "herb_item",
    ],
}
