{
    "Name": "Aloe",
    "Product": "Aloe",
    "SeedName": "Aloe Pod",
    "SeedDescription": "Plant these in summer. Takes 4 days to mature.",
    "Type": "Vegetable",

    "Seasons": ["summer"],
    "Phases": [1, 1, 1, 1],
    "RegrowthPhase": -1,
    "HarvestWithScythe": false,
    "TrellisCrop": false,
    "Colors": null,
    "Bonus":
    {
        "MinimumPerHarvest": 1,
        "MaximumPerHarvest": 1,
        "MaxIncreasePerFarmLevel": 5,
        "ExtraChance": 0.0,
    },
    "SeedPurchaseFrom": "Harvey",
    "SeedPurchasePrice": 100,
    "SeedPurchaseRequirements": [
        "y 2",
    ],
  "SeedNameLocalization": {
    "es": "Vaina de aloe",
    "ko": "알로에 씨앗",
    "de": "Aloe-Saat",
    "fr": "Graines d'Aloès",
    "hu": "Aloe Vera hüvely",
    // "it": "",
    "ja": "アロエのさや",
    "pt": "Sementes de babosa",
    "ru": "Семена алоэ",
    "tr": "Aloe Vera Parçası",
    "zh": "芦荟果荚"
  },
  "SeedDescriptionLocalization": {
    "es": "Plántalas en verano. Tardan 4 días en madurar.",
    "ko": "여름 작물. 성장하려면 4일이 소요됩니다.",
    "de": "Pflanz sie im Sommer. Wächst in 4 Tagen heran.",
    "fr": "À planter en été. Prend 4 jours pour arriver à maturité. ",
    "hu": "Ezeket nyáron ültesd el. 4 napig tart megérniük.",
    // "it": "",
    "ja": "夏植えの作物。そだつのに4日かかる。",
    "pt": "Plante-as no verão. Demora 4 dias para amadurecer.",
    "ru": "Сажайте летом. Вырастает через 4 дня.",
    "tr": "Yazın ekilir. 4 günde yetişir.",
    "zh": "夏天播种。4天成熟。"
  }
}
