{
    "Name": "Peanut",
    "Product": "Peanut",
    "SeedName": "Peanut Seeds",
    "SeedDescription": "Plant these in the fall. Takes 6 days to mature.",
    "Type": "Vegetable",

    "Seasons": ["fall"],
    "Phases": [1, 2, 1, 2],
    "RegrowthPhase": -1,
    "HarvestWithScythe": false,
    "TrellisCrop": false,
    "Colors": null,
    "Bonus":
    {
        "MinimumPerHarvest": 1,
        "MaximumPerHarvest": 3,
        "MaxIncreasePerFarmLevel": 5,
        "ExtraChance": 0.3,
    },
    "SeedPurchasePrice": 60,
    "SeedPurchaseRequirements": [
        "y 2",
    ],
  "SeedNameLocalization": {
    "es": "Semillas de maní",
    "ko": "땅콩 씨앗",
    "de": "Erdnuss-Saat",
    "fr": "Graines d'arachide",
    "hu": "Földimogyoró magvak",
    // "it": "",
    "ja": "ピーナッツのタネ",
    "pt": "Sementes de amendoim",
    "ru": "Семена арахиса",
    "tr": "Fıstık Tohumu",
    "zh": "花生种子"
  },
  "SeedDescriptionLocalization": {
    "es": "Plántalas en otoño. Tardan 6 días en madurar.",
    "ko": "가을 작물. 성장하려면 6일이 소요됩니다.",
    "de": "Pflanze sie im Herbst. Wächst in 6 Tagen heran.",
    "fr": "À planter en automne. Les cacahuètes prennent 6 jours pour arriver à maturité.",
    "hu": "Ezeket ősszel ültesd el. 6 napig tart megérniük.",
    // "it": "",
    "ja": "秋植えの作物。そだつのに6日かかる。",
    "pt": "Plante-as no outono. Demora 6 dias para amadurecer.",
    "ru": "Сажайте осенью. Вырастает через 6 дней.",
    "tr": "Güzde ekilir. 6 günde yetişir.",
    "zh": "秋天播种。6天成熟。"
  }
}
