{
    "Name": "Cotton",
    "Product": "Cotton Boll",
    "SeedName": "Cotton Seeds",
    "SeedDescription": "Plant these in summer or fall. Takes 7 days to mature, and keeps producing after the first harvest.",
    "Type": "Fruit",

    "Seasons": ["summer", "fall"],
    "Phases": [1, 1, 1, 2, 2, ],
    "RegrowthPhase": 3,
    "HarvestWithScythe": false,
    "TrellisCrop": false,
    "Colors": null,
    "Bonus":
    {
        "MinimumPerHarvest": 2,
        "MaximumPerHarvest": 2,
        "MaxIncreasePerFarmLevel": 5,
        "ExtraChance": 0.0,
    },
    "SeedPurchasePrice": 80,
  "SeedNameLocalization": {
    "es": "Semillas de algodón",
    "ko": "목화 씨앗",
    "de": "Baumwoll-Saat",
    "fr": "graines de cotonnier",
    "hu": "Gyapot magvak",
    // "it": "",
    "ja": "コットンのタネ",
    "pt": "Sementes de algodão",
    "ru": "Семена хлопчатника",
    "tr": "Pamuk Tohumu",
    "zh": "棉花种子"
  },
  "SeedDescriptionLocalization": {
    "es": "Plántalas en verano u otoño. Tardan 6 días en madurar, y continua produciendo después de la primera cosecha.",
    "ko": "여름 또는 가을 작물. 성장하려면 6일이 소요되지만, 수확한 후에도 계속 작물이 생산됩니다.",
    "de": "Pflanze sie im Sommer oder Herbst. Wächst in 7 Tagen heran und kann danach mehrmals geerntet werden.",
    "fr": "À planter en été ou en automne. Prend 7 jours pour arriver à maturité, et continue de produire après la première récolte.",
    "hu": "Ezeket nyáron vagy ősszel ültesd el. 6 napig tart megérniük, de utána tovább termelnek.",
    // "it": "",
    "ja": "夏または秋植えの作物。そだつのに7日かかる。最初の収穫のあともくりかえし収穫できる。",
    "pt": "Plante-os no verão ou no outono. Demora 6 dias para amadurecer e continua produzindo após a primeira colheita.",
    "ru": "Сажайте летом или осенью. Вырастает через 7 дней и продолжает давать урожай после первого сбора.",
    "tr": "Yazın veya güzde ekilir. 7 günde yetişir ve ilk hasattan sonra yetişmeye devam eder.",
    "zh": "夏天或秋天播种。6天成熟，在第一次收获后循环生产。"
  }
}
