{
    "Name": "Navy Bean",
    "Description": "A handful of beans.",
    "Category": "Vegetable",
    "Edibility": 12,
    "Price": 15,
    "IsColored": false,
    "GiftTastes":
    {
        "Like": ["Alex", "Caroline", "Clint", "Demetrius", "Dwarf", "Emily", "Evelyn", "George", "Gus", "Harvey", "Jodi", "Kent", "Krobus", "Leah", "Lewis", "Linus", "Marnie", "Maru", "Pam", "Penny", "Pierre", "Robin", "Sandy", "Sebastian", "Shane", "Willy", "Wizard"],
        "Dislike": ["Abigail", "Elliott", "Haley", "Jas", "Sam", "Vincent"],
    },
    "Recipe": null,
  "NameLocalization": {
    "es": "Frijoles blancos",
    "ko": "흰 강낭콩",
    "de": "Weiße Bohnen",
    "fr": "Petit haricot blanc",
    "hu": "Haricot Bab",
    // "it": "",
    "ja": "白インゲン豆",
    "pt": "Feijão branco",
    "ru": "Белая фасоль",
    "tr": "Lacivert Fasulye",
    "zh": "菜豆"
  },
  "DescriptionLocalization": {
    "es": "Un puñado de frijoles.",
    "ko": "흰 강낭콩 한 줌.",
    "de": "Eine Handvoll Bohnen.",
    "fr": "Une poignée de haricots.",
    "hu": "Egy maroknyi bab.",
    // "it": "",
    "ja": "「A handful of beans.」",
    "pt": "Um punhado de feijões.",
    "ru": "Горсть фасоли.",
    "tr": "Bir avuç dolusu fasulye.",
    "zh": "一把菜豆。"
  },
    "ContextTags": [
        "season_summer",
        "color_light_pink",
        "vegetable_item",
    ],
}
