{
    "Name": "Parsley",
    "Description": "A leafy green that is used as an accent in food presentation.",
    "Category": "Vegetable",
    "CategoryTextOverride": "Herb",
    "CategoryColorOverride": "93, 153, 80, 255",
    "Edibility": 5,
    "Price": 45,
    "IsColored": false,
    "GiftTastes":
    {
        "Like": ["Gus"],
        "Neutral": ["Abigail", "Alex", "Caroline", "Clint", "Demetrius", "Dwarf", "Elliott", "Emily", "Evelyn", "George", "Haley", "Harvey", "Jodi", "Kent", "Krobus", "Leah", "Lewis", "Linus", "Marnie", "Maru", "Pam", "Penny", "Pierre", "Robin", "Sam", "Sandy", "Sebastian", "Shane", "Willy", "Wizard"],
        "Dislike": ["Jas", "Vincent"],
    },
    "Recipe": null,
  "NameLocalization": {
    "es": "Perejil",
    "ko": "파슬리",
    "de": "Petersilie",
    "fr": "Persil",
    "hu": "Petrezselyem",
    // "it": "",
    "ja": "パセリ",
    "pt": "Salsinha",
    "ru": "Петрушка",
    "tr": "Maydanoz",
    "zh": "香菜"
  },
  "DescriptionLocalization": {
    "es": "Una hoja verde que se utiliza para mejorar la presentación de la comida.",
    "ko": "잡내를 없애거나 풍미를 살리기 위해 사용됩니다.",
    "de": "Wird zum Dekorieren von Speisen verwendet.",
    "fr": "Une plante verte et feuillue utilisée comme touche pour la présentation de plats.",
    "hu": "Egy leveles fűszer melyet ízek kihangsúlyozására használnak.",
    // "it": "",
    "ja": "鮮やかな緑色をしていて、料理の盛り付けのアクセントとして使われる。",
    "pt": "Um verde folhoso que é usado para acentuar a apresentação de alimentos.",
    "ru": "Используется для украшения блюд.",
    "tr": "Yemek hazırlamada süs olarak kullanılan yapraklı bir yeşillik.(Kısaca maydanoz maydanozluğunu yapıp her yemeğe maydanoz oluyor.)",
    "zh": "这个多叶的绿色植物，在料理中是重要的配料。"
  },
    "ContextTags": [
        "season_spring",
        "color_green",
        "herb_item",
    ],
}
