[
//PPJA Fruits and Veggies
//Spring Seeds
	{ //Bamboo
		"ProducerName": "Seed Maker",
		"InputIdentifier": "Bamboo",
		"MinutesUntilReady": 20,
		"OutputIdentifier": "Bamboo Cutting",
		"OutputStack": 1,
		"OutputMaxStack": 3,
		"SilverQualityInput": {
			"Probability": 1,
			"OutputIdentifier": "Bamboo Cutting",
			"OutputStack": 2,
			"OutputMaxStack": 4
		},        
		"GoldQualityInput": {
			"Probability": 1,
			"OutputIdentifier": "Bamboo Cutting",
			"OutputStack": 3,
			"OutputMaxStack": 5
		},        
		"IridiumQualityInput": {
			"Probability": 1,
			"OutputIdentifier": "Bamboo Cutting",
			"OutputStack": 4,
			"OutputMaxStack": 6
		},
		"AdditionalOutputs": [
			{
				"OutputProbability": 0.005,
				"OutputIdentifier": "499",
				"OutputStack": 1
			},
			{
				"OutputProbability": 0.0199,
				"OutputIdentifier": "770",
				"OutputStack": 1,
				"OutputMaxStack": 4
			}
		],
		"Sounds": ["Ship"],
		"DelayedSounds":  [{"dirtyHit": 250}]
	},
	{ //Basil
		"ProducerName": "Seed Maker",
		"InputIdentifier": "Basil",
		"MinutesUntilReady": 20,
		"OutputIdentifier": "Basil Seeds",
		"OutputStack": 1,
		"OutputMaxStack": 3,
		"SilverQualityInput": {
			"Probability": 1,
			"OutputIdentifier": "Basil Seeds",
			"OutputStack": 2,
			"OutputMaxStack": 4
		},        
		"GoldQualityInput": {
			"Probability": 1,
			"OutputIdentifier": "Basil Seeds",
			"OutputStack": 3,
			"OutputMaxStack": 5
		},        
		"IridiumQualityInput": {
			"Probability": 1,
			"OutputIdentifier": "Basil Seeds",
			"OutputStack": 4,
			"OutputMaxStack": 6
		},
		"AdditionalOutputs": [
			{
				"OutputProbability": 0.005,
				"OutputIdentifier": "499",
				"OutputStack": 1
			},
			{
				"OutputProbability": 0.0199,
				"OutputIdentifier": "770",
				"OutputStack": 1,
				"OutputMaxStack": 4
			}
		],
		"Sounds": ["Ship"],
		"DelayedSounds":  [{"dirtyHit": 250}]
	},
	{ //Cabbage
		"ProducerName": "Seed Maker",
		"InputIdentifier": "Cabbage",
		"MinutesUntilReady": 20,
		"OutputIdentifier": "Cabbage Seeds",
		"OutputStack": 1,
		"OutputMaxStack": 3,
		"SilverQualityInput": {
			"Probability": 1,
			"OutputIdentifier": "Cabbage Seeds",
			"OutputStack": 2,
			"OutputMaxStack": 4
		},        
		"GoldQualityInput": {
			"Probability": 1,
			"OutputIdentifier": "Cabbage Seeds",
			"OutputStack": 3,
			"OutputMaxStack": 5
		},        
		"IridiumQualityInput": {
			"Probability": 1,
			"OutputIdentifier": "Cabbage Seeds",
			"OutputStack": 4,
			"OutputMaxStack": 6
		},
		"AdditionalOutputs": [
			{
				"OutputProbability": 0.005,
				"OutputIdentifier": "499",
				"OutputStack": 1
			},
			{
				"OutputProbability": 0.0199,
				"OutputIdentifier": "770",
				"OutputStack": 1,
				"OutputMaxStack": 4
			}
		],
		"Sounds": ["Ship"],
		"DelayedSounds":  [{"dirtyHit": 250}]
	},
	{ //Cactus Flower
		"ProducerName": "Seed Maker",
		"InputIdentifier": "Cactus Flower",
		"MinutesUntilReady": 20,
		"OutputIdentifier": "Cactus Flower Seeds",
		"OutputStack": 1,
		"OutputMaxStack": 3,
		"SilverQualityInput": {
			"Probability": 1,
			"OutputIdentifier": "Cactus Flower Seeds",
			"OutputStack": 2,
			"OutputMaxStack": 4
		},        
		"GoldQualityInput": {
			"Probability": 1,
			"OutputIdentifier": "Cactus Flower Seeds",
			"OutputStack": 3,
			"OutputMaxStack": 5
		},        
		"IridiumQualityInput": {
			"Probability": 1,
			"OutputIdentifier": "Cactus Flower Seeds",
			"OutputStack": 4,
			"OutputMaxStack": 6
		},
		"AdditionalOutputs": [
			{
				"OutputProbability": 0.005,
				"OutputIdentifier": "499",
				"OutputStack": 1
			},
			{
				"OutputProbability": 0.0199,
				"OutputIdentifier": "770",
				"OutputStack": 1,
				"OutputMaxStack": 4
			}
		],
		"Sounds": ["Ship"],
		"DelayedSounds":  [{"dirtyHit": 250}]
	},
	{ //Licorice Root
		"ProducerName": "Seed Maker",
		"InputIdentifier": "Licorice Root",
		"MinutesUntilReady": 20,
		"OutputIdentifier": "Licorice Seeds",
		"OutputStack": 1,
		"OutputMaxStack": 3,
		"SilverQualityInput": {
			"Probability": 1,
			"OutputIdentifier": "Licorice Seeds",
			"OutputStack": 2,
			"OutputMaxStack": 4
		},        
		"GoldQualityInput": {
			"Probability": 1,
			"OutputIdentifier": "Licorice Seeds",
			"OutputStack": 3,
			"OutputMaxStack": 5
		},        
		"IridiumQualityInput": {
			"Probability": 1,
			"OutputIdentifier": "Licorice Seeds",
			"OutputStack": 4,
			"OutputMaxStack": 6
		},
		"AdditionalOutputs": [
			{
				"OutputProbability": 0.005,
				"OutputIdentifier": "499",
				"OutputStack": 1
			},
			{
				"OutputProbability": 0.0199,
				"OutputIdentifier": "770",
				"OutputStack": 1,
				"OutputMaxStack": 4
			}
		],
		"Sounds": ["Ship"],
		"DelayedSounds":  [{"dirtyHit": 250}]
	},
	{ //Maguey
		"ProducerName": "Seed Maker",
		"InputIdentifier": "Maguey",
		"MinutesUntilReady": 20,
		"OutputIdentifier": "Maguey Seeds",
		"OutputStack": 1,
		"OutputMaxStack": 3,
		"SilverQualityInput": {
			"Probability": 1,
			"OutputIdentifier": "Maguey Seeds",
			"OutputStack": 2,
			"OutputMaxStack": 4
		},        
		"GoldQualityInput": {
			"Probability": 1,
			"OutputIdentifier": "Maguey Seeds",
			"OutputStack": 3,
			"OutputMaxStack": 5
		},        
		"IridiumQualityInput": {
			"Probability": 1,
			"OutputIdentifier": "Maguey Seeds",
			"OutputStack": 4,
			"OutputMaxStack": 6
		},
		"AdditionalOutputs": [
			{
				"OutputProbability": 0.005,
				"OutputIdentifier": "499",
				"OutputStack": 1
			},
			{
				"OutputProbability": 0.0199,
				"OutputIdentifier": "770",
				"OutputStack": 1,
				"OutputMaxStack": 4
			}
		],
		"Sounds": ["Ship"],
		"DelayedSounds":  [{"dirtyHit": 250}]
	},
	{ //Muskmelon
		"ProducerName": "Seed Maker",
		"InputIdentifier": "Muskmelon",
		"MinutesUntilReady": 20,
		"OutputIdentifier": "Muskmelon Seeds",
		"OutputStack": 1,
		"OutputMaxStack": 3,
		"SilverQualityInput": {
			"Probability": 1,
			"OutputIdentifier": "Muskmelon Seeds",
			"OutputStack": 2,
			"OutputMaxStack": 4
		},        
		"GoldQualityInput": {
			"Probability": 1,
			"OutputIdentifier": "Muskmelon Seeds",
			"OutputStack": 3,
			"OutputMaxStack": 5
		},        
		"IridiumQualityInput": {
			"Probability": 1,
			"OutputIdentifier": "Muskmelon Seeds",
			"OutputStack": 4,
			"OutputMaxStack": 6
		},
		"AdditionalOutputs": [
			{
				"OutputProbability": 0.005,
				"OutputIdentifier": "499",
				"OutputStack": 1
			},
			{
				"OutputProbability": 0.0199,
				"OutputIdentifier": "770",
				"OutputStack": 1,
				"OutputMaxStack": 4
			}
		],
		"Sounds": ["Ship"],
		"DelayedSounds":  [{"dirtyHit": 250}]
	},
	{ //Onion
		"ProducerName": "Seed Maker",
		"InputIdentifier": "Onion",
		"MinutesUntilReady": 20,
		"OutputIdentifier": "Onion Seeds",
		"OutputStack": 1,
		"OutputMaxStack": 3,
		"SilverQualityInput": {
			"Probability": 1,
			"OutputIdentifier": "Onion Seeds",
			"OutputStack": 2,
			"OutputMaxStack": 4
		},        
		"GoldQualityInput": {
			"Probability": 1,
			"OutputIdentifier": "Onion Seeds",
			"OutputStack": 3,
			"OutputMaxStack": 5
		},        
		"IridiumQualityInput": {
			"Probability": 1,
			"OutputIdentifier": "Onion Seeds",
			"OutputStack": 4,
			"OutputMaxStack": 6
		},
		"AdditionalOutputs": [
			{
				"OutputProbability": 0.005,
				"OutputIdentifier": "499",
				"OutputStack": 1
			},
			{
				"OutputProbability": 0.0199,
				"OutputIdentifier": "770",
				"OutputStack": 1,
				"OutputMaxStack": 4
			}
		],
		"Sounds": ["Ship"],
		"DelayedSounds":  [{"dirtyHit": 250}]
	},
	{ //Parsley
		"ProducerName": "Seed Maker",
		"InputIdentifier": "Parsley",
		"MinutesUntilReady": 20,
		"OutputIdentifier": "Parsley Seeds",
		"OutputStack": 1,
		"OutputMaxStack": 3,
		"SilverQualityInput": {
			"Probability": 1,
			"OutputIdentifier": "Parsley Seeds",
			"OutputStack": 2,
			"OutputMaxStack": 4
		},        
		"GoldQualityInput": {
			"Probability": 1,
			"OutputIdentifier": "Parsley Seeds",
			"OutputStack": 3,
			"OutputMaxStack": 5
		},        
		"IridiumQualityInput": {
			"Probability": 1,
			"OutputIdentifier": "Parsley Seeds",
			"OutputStack": 4,
			"OutputMaxStack": 6
		},
		"AdditionalOutputs": [
			{
				"OutputProbability": 0.005,
				"OutputIdentifier": "499",
				"OutputStack": 1
			},
			{
				"OutputProbability": 0.0199,
				"OutputIdentifier": "770",
				"OutputStack": 1,
				"OutputMaxStack": 4
			}
		],
		"Sounds": ["Ship"],
		"DelayedSounds":  [{"dirtyHit": 250}]
	},
	{ //Passion Fruit
		"ProducerName": "Seed Maker",
		"InputIdentifier": "Passion Fruit",
		"MinutesUntilReady": 20,
		"OutputIdentifier": "Passion Fruit Seeds",
		"OutputStack": 1,
		"OutputMaxStack": 3,
		"SilverQualityInput": {
			"Probability": 1,
			"OutputIdentifier": "Passion Fruit Seeds",
			"OutputStack": 2,
			"OutputMaxStack": 4
		},        
		"GoldQualityInput": {
			"Probability": 1,
			"OutputIdentifier": "Passion Fruit Seeds",
			"OutputStack": 3,
			"OutputMaxStack": 5
		},        
		"IridiumQualityInput": {
			"Probability": 1,
			"OutputIdentifier": "Passion Fruit Seeds",
			"OutputStack": 4,
			"OutputMaxStack": 6
		},
		"AdditionalOutputs": [
			{
				"OutputProbability": 0.005,
				"OutputIdentifier": "499",
				"OutputStack": 1
			},
			{
				"OutputProbability": 0.0199,
				"OutputIdentifier": "770",
				"OutputStack": 1,
				"OutputMaxStack": 4
			}
		],
		"Sounds": ["Ship"],
		"DelayedSounds":  [{"dirtyHit": 250}]
	},
	{ //Pineapple
		"ProducerName": "Seed Maker",
		"InputIdentifier": "Pineapple",
		"MinutesUntilReady": 20,
		"OutputIdentifier": "Pineapple Seeds",
		"OutputStack": 1,
		"OutputMaxStack": 3,
		"SilverQualityInput": {
			"Probability": 1,
			"OutputIdentifier": "Pineapple Seeds",
			"OutputStack": 2,
			"OutputMaxStack": 4
		},        
		"GoldQualityInput": {
			"Probability": 1,
			"OutputIdentifier": "Pineapple Seeds",
			"OutputStack": 3,
			"OutputMaxStack": 5
		},        
		"IridiumQualityInput": {
			"Probability": 1,
			"OutputIdentifier": "Pineapple Seeds",
			"OutputStack": 4,
			"OutputMaxStack": 6
		},
		"AdditionalOutputs": [
			{
				"OutputProbability": 0.005,
				"OutputIdentifier": "499",
				"OutputStack": 1
			},
			{
				"OutputProbability": 0.0199,
				"OutputIdentifier": "770",
				"OutputStack": 1,
				"OutputMaxStack": 4
			}
		],
		"Sounds": ["Ship"],
		"DelayedSounds":  [{"dirtyHit": 250}]
	},
	{ //Rapeseed Flower
		"ProducerName": "Seed Maker",
		"InputIdentifier": "Rapeseed Flower",
		"MinutesUntilReady": 20,
		"OutputIdentifier": "Rapeseed Seeds",
		"OutputStack": 1,
		"OutputMaxStack": 3,
		"SilverQualityInput": {
			"Probability": 1,
			"OutputIdentifier": "Rapeseed Seeds",
			"OutputStack": 2,
			"OutputMaxStack": 4
		},        
		"GoldQualityInput": {
			"Probability": 1,
			"OutputIdentifier": "Rapeseed Seeds",
			"OutputStack": 3,
			"OutputMaxStack": 5
		},        
		"IridiumQualityInput": {
			"Probability": 1,
			"OutputIdentifier": "Rapeseed Seeds",
			"OutputStack": 4,
			"OutputMaxStack": 6
		},
		"AdditionalOutputs": [
			{
				"OutputProbability": 0.005,
				"OutputIdentifier": "499",
				"OutputStack": 1
			},
			{
				"OutputProbability": 0.0199,
				"OutputIdentifier": "770",
				"OutputStack": 1,
				"OutputMaxStack": 4
			}
		],
		"Sounds": ["Ship"],
		"DelayedSounds":  [{"dirtyHit": 250}]
	},
	{ //Red Onion
		"ProducerName": "Seed Maker",
		"InputIdentifier": "Red Onion",
		"MinutesUntilReady": 20,
		"OutputIdentifier": "Red Onion Seeds",
		"OutputStack": 1,
		"OutputMaxStack": 3,
		"SilverQualityInput": {
			"Probability": 1,
			"OutputIdentifier": "Red Onion Seeds",
			"OutputStack": 2,
			"OutputMaxStack": 4
		},        
		"GoldQualityInput": {
			"Probability": 1,
			"OutputIdentifier": "Red Onion Seeds",
			"OutputStack": 3,
			"OutputMaxStack": 5
		},        
		"IridiumQualityInput": {
			"Probability": 1,
			"OutputIdentifier": "Red Onion Seeds",
			"OutputStack": 4,
			"OutputMaxStack": 6
		},
		"AdditionalOutputs": [
			{
				"OutputProbability": 0.005,
				"OutputIdentifier": "499",
				"OutputStack": 1
			},
			{
				"OutputProbability": 0.0199,
				"OutputIdentifier": "770",
				"OutputStack": 1,
				"OutputMaxStack": 4
			}
		],
		"Sounds": ["Ship"],
		"DelayedSounds":  [{"dirtyHit": 250}]
	},
	{ //Shallot
		"ProducerName": "Seed Maker",
		"InputIdentifier": "Shallot",
		"MinutesUntilReady": 20,
		"OutputIdentifier": "Shallot Seeds",
		"OutputStack": 1,
		"OutputMaxStack": 3,
		"SilverQualityInput": {
			"Probability": 1,
			"OutputIdentifier": "Shallot Seeds",
			"OutputStack": 2,
			"OutputMaxStack": 4
		},        
		"GoldQualityInput": {
			"Probability": 1,
			"OutputIdentifier": "Shallot Seeds",
			"OutputStack": 3,
			"OutputMaxStack": 5
		},        
		"IridiumQualityInput": {
			"Probability": 1,
			"OutputIdentifier": "Shallot Seeds",
			"OutputStack": 4,
			"OutputMaxStack": 6
		},
		"AdditionalOutputs": [
			{
				"OutputProbability": 0.005,
				"OutputIdentifier": "499",
				"OutputStack": 1
			},
			{
				"OutputProbability": 0.0199,
				"OutputIdentifier": "770",
				"OutputStack": 1,
				"OutputMaxStack": 4
			}
		],
		"Sounds": ["Ship"],
		"DelayedSounds":  [{"dirtyHit": 250}]
	},
	{ //Shiitake Mushroom
		"ProducerName": "Seed Maker",
		"InputIdentifier": "Shiitake Mushroom",
		"MinutesUntilReady": 20,
		"OutputIdentifier": "Shiitake Mushroom Starter",
		"OutputStack": 1,
		"OutputMaxStack": 3,
		"SilverQualityInput": {
			"Probability": 1,
			"OutputIdentifier": "Shiitake Mushroom Starter",
			"OutputStack": 2,
			"OutputMaxStack": 4
		},        
		"GoldQualityInput": {
			"Probability": 1,
			"OutputIdentifier": "Shiitake Mushroom Starter",
			"OutputStack": 3,
			"OutputMaxStack": 5
		},        
		"IridiumQualityInput": {
			"Probability": 1,
			"OutputIdentifier": "Shiitake Mushroom Starter",
			"OutputStack": 4,
			"OutputMaxStack": 6
		},
		"AdditionalOutputs": [
			{
				"OutputProbability": 0.005,
				"OutputIdentifier": "499",
				"OutputStack": 1
			},
			{
				"OutputProbability": 0.0199,
				"OutputIdentifier": "770",
				"OutputStack": 1,
				"OutputMaxStack": 4
			}
		],
		"Sounds": ["Ship"],
		"DelayedSounds":  [{"dirtyHit": 250}]
	},
	{ //Spinach
		"ProducerName": "Seed Maker",
		"InputIdentifier": "Spinach",
		"MinutesUntilReady": 20,
		"OutputIdentifier": "Spinach Seeds",
		"OutputStack": 1,
		"OutputMaxStack": 3,
		"SilverQualityInput": {
			"Probability": 1,
			"OutputIdentifier": "Spinach Seeds",
			"OutputStack": 2,
			"OutputMaxStack": 4
		},        
		"GoldQualityInput": {
			"Probability": 1,
			"OutputIdentifier": "Spinach Seeds",
			"OutputStack": 3,
			"OutputMaxStack": 5
		},        
		"IridiumQualityInput": {
			"Probability": 1,
			"OutputIdentifier": "Spinach Seeds",
			"OutputStack": 4,
			"OutputMaxStack": 6
		},
		"AdditionalOutputs": [
			{
				"OutputProbability": 0.005,
				"OutputIdentifier": "499",
				"OutputStack": 1
			},
			{
				"OutputProbability": 0.0199,
				"OutputIdentifier": "770",
				"OutputStack": 1,
				"OutputMaxStack": 4
			}
		],
		"Sounds": ["Ship"],
		"DelayedSounds":  [{"dirtyHit": 250}]
	},
	{ //Sugar Beet
		"ProducerName": "Seed Maker",
		"InputIdentifier": "Sugar Beet",
		"MinutesUntilReady": 20,
		"OutputIdentifier": "Sugar Beet Seeds",
		"OutputStack": 1,
		"OutputMaxStack": 3,
		"SilverQualityInput": {
			"Probability": 1,
			"OutputIdentifier": "Sugar Beet Seeds",
			"OutputStack": 2,
			"OutputMaxStack": 4
		},        
		"GoldQualityInput": {
			"Probability": 1,
			"OutputIdentifier": "Sugar Beet Seeds",
			"OutputStack": 3,
			"OutputMaxStack": 5
		},        
		"IridiumQualityInput": {
			"Probability": 1,
			"OutputIdentifier": "Sugar Beet Seeds",
			"OutputStack": 4,
			"OutputMaxStack": 6
		},
		"AdditionalOutputs": [
			{
				"OutputProbability": 0.005,
				"OutputIdentifier": "499",
				"OutputStack": 1
			},
			{
				"OutputProbability": 0.0199,
				"OutputIdentifier": "770",
				"OutputStack": 1,
				"OutputMaxStack": 4
			}
		],
		"Sounds": ["Ship"],
		"DelayedSounds":  [{"dirtyHit": 250}]
	},
	{ //Sweet Canary Melon
		"ProducerName": "Seed Maker",
		"InputIdentifier": "Sweet Canary Melon Flower",
		"MinutesUntilReady": 20,
		"OutputIdentifier": "Sweet Canary Melon Seeds",
		"OutputStack": 1,
		"OutputMaxStack": 3,
		"SilverQualityInput": {
			"Probability": 1,
			"OutputIdentifier": "Sweet Canary Melon Seeds",
			"OutputStack": 2,
			"OutputMaxStack": 4
		},        
		"GoldQualityInput": {
			"Probability": 1,
			"OutputIdentifier": "Sweet Canary Melon Seeds",
			"OutputStack": 3,
			"OutputMaxStack": 5
		},        
		"IridiumQualityInput": {
			"Probability": 1,
			"OutputIdentifier": "Sweet Canary Melon Seeds",
			"OutputStack": 4,
			"OutputMaxStack": 6
		},
		"AdditionalOutputs": [
			{
				"OutputProbability": 0.005,
				"OutputIdentifier": "499",
				"OutputStack": 1
			},
			{
				"OutputProbability": 0.0199,
				"OutputIdentifier": "770",
				"OutputStack": 1,
				"OutputMaxStack": 4
			}
		],
		"Sounds": ["Ship"],
		"DelayedSounds":  [{"dirtyHit": 250}]
	},
//Summer Seeds
	{ //Adzuki Bean
		"ProducerName": "Seed Maker",
		"InputIdentifier": "Adzuki Bean",
		"MinutesUntilReady": 20,
		"OutputIdentifier": "Adzuki Bean Seeds",
		"OutputStack": 1,
		"OutputMaxStack": 3,
		"SilverQualityInput": {
			"Probability": 1,
			"OutputIdentifier": "Adzuki Bean Seeds",
			"OutputStack": 2,
			"OutputMaxStack": 4
		},        
		"GoldQualityInput": {
			"Probability": 1,
			"OutputIdentifier": "Adzuki Bean Seeds",
			"OutputStack": 3,
			"OutputMaxStack": 5
		},        
		"IridiumQualityInput": {
			"Probability": 1,
			"OutputIdentifier": "Adzuki Bean Seeds",
			"OutputStack": 4,
			"OutputMaxStack": 6
		},
		"AdditionalOutputs": [
			{
				"OutputProbability": 0.005,
				"OutputIdentifier": "499",
				"OutputStack": 1
			},
			{
				"OutputProbability": 0.0199,
				"OutputIdentifier": "770",
				"OutputStack": 1,
				"OutputMaxStack": 4
			}
		],
		"Sounds": ["Ship"],
		"DelayedSounds":  [{"dirtyHit": 250}]
	},
	{ //Aloe
		"ProducerName": "Seed Maker",
		"InputIdentifier": "Aloe",
		"MinutesUntilReady": 20,
		"OutputIdentifier": "Aloe Pod",
		"OutputStack": 1,
		"OutputMaxStack": 3,
		"SilverQualityInput": {
			"Probability": 1,
			"OutputIdentifier": "Aloe Pod",
			"OutputStack": 2,
			"OutputMaxStack": 4
		},        
		"GoldQualityInput": {
			"Probability": 1,
			"OutputIdentifier": "Aloe Pod",
			"OutputStack": 3,
			"OutputMaxStack": 5
		},        
		"IridiumQualityInput": {
			"Probability": 1,
			"OutputIdentifier": "Aloe Pod",
			"OutputStack": 4,
			"OutputMaxStack": 6
		},
		"AdditionalOutputs": [
			{
				"OutputProbability": 0.005,
				"OutputIdentifier": "499",
				"OutputStack": 1
			},
			{
				"OutputProbability": 0.0199,
				"OutputIdentifier": "770",
				"OutputStack": 1,
				"OutputMaxStack": 4
			}
		],
		"Sounds": ["Ship"],
		"DelayedSounds":  [{"dirtyHit": 250}]
	},
	{ //Asparagus
		"ProducerName": "Seed Maker",
		"InputIdentifier": "Asparagus",
		"MinutesUntilReady": 20,
		"OutputIdentifier": "Asparagus Seeds",
		"OutputStack": 1,
		"OutputMaxStack": 3,
		"SilverQualityInput": {
			"Probability": 1,
			"OutputIdentifier": "Asparagus Seeds",
			"OutputStack": 2,
			"OutputMaxStack": 4
		},        
		"GoldQualityInput": {
			"Probability": 1,
			"OutputIdentifier": "Asparagus Seeds",
			"OutputStack": 3,
			"OutputMaxStack": 5
		},        
		"IridiumQualityInput": {
			"Probability": 1,
			"OutputIdentifier": "Asparagus Seeds",
			"OutputStack": 4,
			"OutputMaxStack": 6
		},
		"AdditionalOutputs": [
			{
				"OutputProbability": 0.005,
				"OutputIdentifier": "499",
				"OutputStack": 1
			},
			{
				"OutputProbability": 0.0199,
				"OutputIdentifier": "770",
				"OutputStack": 1,
				"OutputMaxStack": 4
			}
		],
		"Sounds": ["Ship"],
		"DelayedSounds":  [{"dirtyHit": 250}]
	},
	{ //Blue Agave
		"ProducerName": "Seed Maker",
		"InputIdentifier": " Blue Agave",
		"MinutesUntilReady": 20,
		"OutputIdentifier": "Blue Agave Seeds",
		"OutputStack": 1,
		"OutputMaxStack": 3,
		"SilverQualityInput": {
			"Probability": 1,
			"OutputIdentifier": "Blue Agave Seeds",
			"OutputStack": 2,
			"OutputMaxStack": 4
		},        
		"GoldQualityInput": {
			"Probability": 1,
			"OutputIdentifier": "Blue Agave Seeds",
			"OutputStack": 3,
			"OutputMaxStack": 5
		},        
		"IridiumQualityInput": {
			"Probability": 1,
			"OutputIdentifier": "Blue Agave Seeds",
			"OutputStack": 4,
			"OutputMaxStack": 6
		},
		"AdditionalOutputs": [
			{
				"OutputProbability": 0.005,
				"OutputIdentifier": "499",
				"OutputStack": 1
			},
			{
				"OutputProbability": 0.0199,
				"OutputIdentifier": "770",
				"OutputStack": 1,
				"OutputMaxStack": 4
			}
		],
		"Sounds": ["Ship"],
		"DelayedSounds":  [{"dirtyHit": 250}]
	},
	{ //Butternut Squash
		"ProducerName": "Seed Maker",
		"InputIdentifier": "Butternut Squash",
		"MinutesUntilReady": 20,
		"OutputIdentifier": "Butternut Squash Seeds",
		"OutputStack": 1,
		"OutputMaxStack": 3,
		"SilverQualityInput": {
			"Probability": 1,
			"OutputIdentifier": "Butternut Squash Seeds",
			"OutputStack": 2,
			"OutputMaxStack": 4
		},        
		"GoldQualityInput": {
			"Probability": 1,
			"OutputIdentifier": "Butternut Squash Seeds",
			"OutputStack": 3,
			"OutputMaxStack": 5
		},        
		"IridiumQualityInput": {
			"Probability": 1,
			"OutputIdentifier": "Butternut Squash Seeds",
			"OutputStack": 4,
			"OutputMaxStack": 6
		},
		"AdditionalOutputs": [
			{
				"OutputProbability": 0.005,
				"OutputIdentifier": "499",
				"OutputStack": 1
			},
			{
				"OutputProbability": 0.0199,
				"OutputIdentifier": "770",
				"OutputStack": 1,
				"OutputMaxStack": 4
			}
		],
		"Sounds": ["Ship"],
		"DelayedSounds":  [{"dirtyHit": 250}]
	},
	{ //Cassava
		"ProducerName": "Seed Maker",
		"InputIdentifier": "Cassava",
		"MinutesUntilReady": 20,
		"OutputIdentifier": "Cassava Seeds",
		"OutputStack": 1,
		"OutputMaxStack": 3,
		"SilverQualityInput": {
			"Probability": 1,
			"OutputIdentifier": "Cassava Seeds",
			"OutputStack": 2,
			"OutputMaxStack": 4
		},        
		"GoldQualityInput": {
			"Probability": 1,
			"OutputIdentifier": "Cassava Seeds",
			"OutputStack": 3,
			"OutputMaxStack": 5
		},        
		"IridiumQualityInput": {
			"Probability": 1,
			"OutputIdentifier": "Cassava Seeds",
			"OutputStack": 4,
			"OutputMaxStack": 6
		},
		"AdditionalOutputs": [
			{
				"OutputProbability": 0.005,
				"OutputIdentifier": "499",
				"OutputStack": 1
			},
			{
				"OutputProbability": 0.0199,
				"OutputIdentifier": "770",
				"OutputStack": 1,
				"OutputMaxStack": 4
			}
		],
		"Sounds": ["Ship"],
		"DelayedSounds":  [{"dirtyHit": 250}]
	},
	{ //Chickpea
		"ProducerName": "Seed Maker",
		"InputIdentifier": "Chickpea",
		"MinutesUntilReady": 20,
		"OutputIdentifier": "Chickpea Seeds",
		"OutputStack": 1,
		"OutputMaxStack": 3,
		"SilverQualityInput": {
			"Probability": 1,
			"OutputIdentifier": "Chickpea Seeds",
			"OutputStack": 2,
			"OutputMaxStack": 4
		},        
		"GoldQualityInput": {
			"Probability": 1,
			"OutputIdentifier": "Chickpea Seeds",
			"OutputStack": 3,
			"OutputMaxStack": 5
		},        
		"IridiumQualityInput": {
			"Probability": 1,
			"OutputIdentifier": "Chickpea Seeds",
			"OutputStack": 4,
			"OutputMaxStack": 6
		},
		"AdditionalOutputs": [
			{
				"OutputProbability": 0.005,
				"OutputIdentifier": "499",
				"OutputStack": 1
			},
			{
				"OutputProbability": 0.0199,
				"OutputIdentifier": "770",
				"OutputStack": 1,
				"OutputMaxStack": 4
			}
		],
		"Sounds": ["Ship"],
		"DelayedSounds":  [{"dirtyHit": 250}]
	},
	{ //Chives
		"ProducerName": "Seed Maker",
		"InputIdentifier": "Chives",
		"MinutesUntilReady": 20,
		"OutputIdentifier": "Chive Seeds",
		"OutputStack": 1,
		"OutputMaxStack": 3,
		"SilverQualityInput": {
			"Probability": 1,
			"OutputIdentifier": "Chive Seeds",
			"OutputStack": 2,
			"OutputMaxStack": 4
		},        
		"GoldQualityInput": {
			"Probability": 1,
			"OutputIdentifier": "Chive Seeds",
			"OutputStack": 3,
			"OutputMaxStack": 5
		},        
		"IridiumQualityInput": {
			"Probability": 1,
			"OutputIdentifier": "Chive Seeds",
			"OutputStack": 4,
			"OutputMaxStack": 6
		},
		"AdditionalOutputs": [
			{
				"OutputProbability": 0.005,
				"OutputIdentifier": "499",
				"OutputStack": 1
			},
			{
				"OutputProbability": 0.0199,
				"OutputIdentifier": "770",
				"OutputStack": 1,
				"OutputMaxStack": 4
			}
		],
		"Sounds": ["Ship"],
		"DelayedSounds":  [{"dirtyHit": 250}]
	},
	{ //Cotton Boll
		"ProducerName": "Seed Maker",
		"InputIdentifier": "Cotton Boll",
		"MinutesUntilReady": 20,
		"OutputIdentifier": "Cotton Seeds",
		"OutputStack": 1,
		"OutputMaxStack": 3,
		"SilverQualityInput": {
			"Probability": 1,
			"OutputIdentifier": "Cotton Seeds",
			"OutputStack": 2,
			"OutputMaxStack": 4
		},        
		"GoldQualityInput": {
			"Probability": 1,
			"OutputIdentifier": "Cotton Seeds",
			"OutputStack": 3,
			"OutputMaxStack": 5
		},        
		"IridiumQualityInput": {
			"Probability": 1,
			"OutputIdentifier": "Cotton Seeds",
			"OutputStack": 4,
			"OutputMaxStack": 6
		},
		"AdditionalOutputs": [
			{
				"OutputProbability": 0.005,
				"OutputIdentifier": "499",
				"OutputStack": 1
			},
			{
				"OutputProbability": 0.0199,
				"OutputIdentifier": "770",
				"OutputStack": 1,
				"OutputMaxStack": 4
			}
		],
		"Sounds": ["Ship"],
		"DelayedSounds":  [{"dirtyHit": 250}]
	},
	{ //Cucumber
		"ProducerName": "Seed Maker",
		"InputIdentifier": "Cucumber",
		"MinutesUntilReady": 20,
		"OutputIdentifier": "Cucumber Starter",
		"OutputStack": 1,
		"OutputMaxStack": 3,
		"SilverQualityInput": {
			"Probability": 1,
			"OutputIdentifier": "Cucumber Starter",
			"OutputStack": 2,
			"OutputMaxStack": 4
		},        
		"GoldQualityInput": {
			"Probability": 1,
			"OutputIdentifier": "Cucumber Starter",
			"OutputStack": 3,
			"OutputMaxStack": 5
		},        
		"IridiumQualityInput": {
			"Probability": 1,
			"OutputIdentifier": "Cucumber Starter",
			"OutputStack": 4,
			"OutputMaxStack": 6
		},
		"AdditionalOutputs": [
			{
				"OutputProbability": 0.005,
				"OutputIdentifier": "499",
				"OutputStack": 1
			},
			{
				"OutputProbability": 0.0199,
				"OutputIdentifier": "770",
				"OutputStack": 1,
				"OutputMaxStack": 4
			}
		],
		"Sounds": ["Ship"],
		"DelayedSounds":  [{"dirtyHit": 250}]
	},
	{ //Gooseberry
		"ProducerName": "Seed Maker",
		"InputIdentifier": "Gooseberry",
		"MinutesUntilReady": 20,
		"OutputIdentifier": "Gooseberry Seeds",
		"OutputStack": 1,
		"OutputMaxStack": 3,
		"SilverQualityInput": {
			"Probability": 1,
			"OutputIdentifier": "Gooseberry Seeds",
			"OutputStack": 2,
			"OutputMaxStack": 4
		},        
		"GoldQualityInput": {
			"Probability": 1,
			"OutputIdentifier": "Gooseberry Seeds",
			"OutputStack": 3,
			"OutputMaxStack": 5
		},        
		"IridiumQualityInput": {
			"Probability": 1,
			"OutputIdentifier": "Gooseberry Seeds",
			"OutputStack": 4,
			"OutputMaxStack": 6
		},
		"AdditionalOutputs": [
			{
				"OutputProbability": 0.005,
				"OutputIdentifier": "499",
				"OutputStack": 1
			},
			{
				"OutputProbability": 0.0199,
				"OutputIdentifier": "770",
				"OutputStack": 1,
				"OutputMaxStack": 4
			}
		],
		"Sounds": ["Ship"],
		"DelayedSounds":  [{"dirtyHit": 250}]
	},
	{ //Green Peas
		"ProducerName": "Seed Maker",
		"InputIdentifier": "Green Peas",
		"MinutesUntilReady": 20,
		"OutputIdentifier": "Green Pea Seeds",
		"OutputStack": 1,
		"OutputMaxStack": 3,
		"SilverQualityInput": {
			"Probability": 1,
			"OutputIdentifier": "Green Pea Seeds",
			"OutputStack": 2,
			"OutputMaxStack": 4
		},        
		"GoldQualityInput": {
			"Probability": 1,
			"OutputIdentifier": "Green Pea Seeds",
			"OutputStack": 3,
			"OutputMaxStack": 5
		},        
		"IridiumQualityInput": {
			"Probability": 1,
			"OutputIdentifier": "Green Pea Seeds",
			"OutputStack": 4,
			"OutputMaxStack": 6
		},
		"AdditionalOutputs": [
			{
				"OutputProbability": 0.005,
				"OutputIdentifier": "499",
				"OutputStack": 1
			},
			{
				"OutputProbability": 0.0199,
				"OutputIdentifier": "770",
				"OutputStack": 1,
				"OutputMaxStack": 4
			}
		],
		"Sounds": ["Ship"],
		"DelayedSounds":  [{"dirtyHit": 250}]
	},
	{ //Kiwi
		"ProducerName": "Seed Maker",
		"InputIdentifier": "Kiwi",
		"MinutesUntilReady": 20,
		"OutputIdentifier": "Kiwi Seeds",
		"OutputStack": 1,
		"OutputMaxStack": 3,
		"SilverQualityInput": {
			"Probability": 1,
			"OutputIdentifier": "Kiwi Seeds",
			"OutputStack": 2,
			"OutputMaxStack": 4
		},        
		"GoldQualityInput": {
			"Probability": 1,
			"OutputIdentifier": "Kiwi Seeds",
			"OutputStack": 3,
			"OutputMaxStack": 5
		},        
		"IridiumQualityInput": {
			"Probability": 1,
			"OutputIdentifier": "Kiwi Seeds",
			"OutputStack": 4,
			"OutputMaxStack": 6
		},
		"AdditionalOutputs": [
			{
				"OutputProbability": 0.005,
				"OutputIdentifier": "499",
				"OutputStack": 1
			},
			{
				"OutputProbability": 0.0199,
				"OutputIdentifier": "770",
				"OutputStack": 1,
				"OutputMaxStack": 4
			}
		],
		"Sounds": ["Ship"],
		"DelayedSounds":  [{"dirtyHit": 250}]
	},
	{ //Lettuce
		"ProducerName": "Seed Maker",
		"InputIdentifier": "Lettuce",
		"MinutesUntilReady": 20,
		"OutputIdentifier": "Lettuce Seeds",
		"OutputStack": 1,
		"OutputMaxStack": 3,
		"SilverQualityInput": {
			"Probability": 1,
			"OutputIdentifier": "Lettuce Seeds",
			"OutputStack": 2,
			"OutputMaxStack": 4
		},        
		"GoldQualityInput": {
			"Probability": 1,
			"OutputIdentifier": "Lettuce Seeds",
			"OutputStack": 3,
			"OutputMaxStack": 5
		},        
		"IridiumQualityInput": {
			"Probability": 1,
			"OutputIdentifier": "Lettuce Seeds",
			"OutputStack": 4,
			"OutputMaxStack": 6
		},
		"AdditionalOutputs": [
			{
				"OutputProbability": 0.005,
				"OutputIdentifier": "499",
				"OutputStack": 1
			},
			{
				"OutputProbability": 0.0199,
				"OutputIdentifier": "770",
				"OutputStack": 1,
				"OutputMaxStack": 4
			}
		],
		"Sounds": ["Ship"],
		"DelayedSounds":  [{"dirtyHit": 250}]
	},
	{ //Navy Bean
		"ProducerName": "Seed Maker",
		"InputIdentifier": "Navy Bean",
		"MinutesUntilReady": 20,
		"OutputIdentifier": "Navy Bean Seeds",
		"OutputStack": 1,
		"OutputMaxStack": 3,
		"SilverQualityInput": {
			"Probability": 1,
			"OutputIdentifier": "Navy Bean Seeds",
			"OutputStack": 2,
			"OutputMaxStack": 4
		},        
		"GoldQualityInput": {
			"Probability": 1,
			"OutputIdentifier": "Navy Bean Seeds",
			"OutputStack": 3,
			"OutputMaxStack": 5
		},        
		"IridiumQualityInput": {
			"Probability": 1,
			"OutputIdentifier": "Navy Bean Seeds",
			"OutputStack": 4,
			"OutputMaxStack": 6
		},
		"AdditionalOutputs": [
			{
				"OutputProbability": 0.005,
				"OutputIdentifier": "499",
				"OutputStack": 1
			},
			{
				"OutputProbability": 0.0199,
				"OutputIdentifier": "770",
				"OutputStack": 1,
				"OutputMaxStack": 4
			}
		],
		"Sounds": ["Ship"],
		"DelayedSounds":  [{"dirtyHit": 250}]
	},
	{ //Okra
		"ProducerName": "Seed Maker",
		"InputIdentifier": "Okra",
		"MinutesUntilReady": 20,
		"OutputIdentifier": "Okra Seeds",
		"OutputStack": 1,
		"OutputMaxStack": 3,
		"SilverQualityInput": {
			"Probability": 1,
			"OutputIdentifier": "Okra Seeds",
			"OutputStack": 2,
			"OutputMaxStack": 4
		},        
		"GoldQualityInput": {
			"Probability": 1,
			"OutputIdentifier": "Okra Seeds",
			"OutputStack": 3,
			"OutputMaxStack": 5
		},        
		"IridiumQualityInput": {
			"Probability": 1,
			"OutputIdentifier": "Okra Seeds",
			"OutputStack": 4,
			"OutputMaxStack": 6
		},
		"AdditionalOutputs": [
			{
				"OutputProbability": 0.005,
				"OutputIdentifier": "499",
				"OutputStack": 1
			},
			{
				"OutputProbability": 0.0199,
				"OutputIdentifier": "770",
				"OutputStack": 1,
				"OutputMaxStack": 4
			}
		],
		"Sounds": ["Ship"],
		"DelayedSounds":  [{"dirtyHit": 250}]
	},
	{ //Oregano
		"ProducerName": "Seed Maker",
		"InputIdentifier": "Oregano",
		"MinutesUntilReady": 20,
		"OutputIdentifier": "Oregano Seeds",
		"OutputStack": 1,
		"OutputMaxStack": 3,
		"SilverQualityInput": {
			"Probability": 1,
			"OutputIdentifier": "Oregano Seeds",
			"OutputStack": 2,
			"OutputMaxStack": 4
		},        
		"GoldQualityInput": {
			"Probability": 1,
			"OutputIdentifier": "Oregano Seeds",
			"OutputStack": 3,
			"OutputMaxStack": 5
		},        
		"IridiumQualityInput": {
			"Probability": 1,
			"OutputIdentifier": "Oregano Seeds",
			"OutputStack": 4,
			"OutputMaxStack": 6
		},
		"AdditionalOutputs": [
			{
				"OutputProbability": 0.005,
				"OutputIdentifier": "499",
				"OutputStack": 1
			},
			{
				"OutputProbability": 0.0199,
				"OutputIdentifier": "770",
				"OutputStack": 1,
				"OutputMaxStack": 4
			}
		],
		"Sounds": ["Ship"],
		"DelayedSounds":  [{"dirtyHit": 250}]
	},
	{ //Quinoa
		"ProducerName": "Seed Maker",
		"InputIdentifier": "Quinoa",
		"MinutesUntilReady": 20,
		"OutputIdentifier": "Quinoa Seeds",
		"OutputStack": 1,
		"OutputMaxStack": 3,
		"SilverQualityInput": {
			"Probability": 1,
			"OutputIdentifier": "Quinoa Seeds",
			"OutputStack": 2,
			"OutputMaxStack": 4
		},        
		"GoldQualityInput": {
			"Probability": 1,
			"OutputIdentifier": "Quinoa Seeds",
			"OutputStack": 3,
			"OutputMaxStack": 5
		},        
		"IridiumQualityInput": {
			"Probability": 1,
			"OutputIdentifier": "Quinoa Seeds",
			"OutputStack": 4,
			"OutputMaxStack": 6
		},
		"AdditionalOutputs": [
			{
				"OutputProbability": 0.005,
				"OutputIdentifier": "499",
				"OutputStack": 1
			},
			{
				"OutputProbability": 0.0199,
				"OutputIdentifier": "770",
				"OutputStack": 1,
				"OutputMaxStack": 4
			}
		],
		"Sounds": ["Ship"],
		"DelayedSounds":  [{"dirtyHit": 250}]
	},
	{ //Raspberry
		"ProducerName": "Seed Maker",
		"InputIdentifier": "Raspberry",
		"MinutesUntilReady": 20,
		"OutputIdentifier": "Raspberry Seeds",
		"OutputStack": 1,
		"OutputMaxStack": 3,
		"SilverQualityInput": {
			"Probability": 1,
			"OutputIdentifier": "Raspberry Seeds",
			"OutputStack": 2,
			"OutputMaxStack": 4
		},        
		"GoldQualityInput": {
			"Probability": 1,
			"OutputIdentifier": "Raspberry Seeds",
			"OutputStack": 3,
			"OutputMaxStack": 5
		},        
		"IridiumQualityInput": {
			"Probability": 1,
			"OutputIdentifier": "Raspberry Seeds",
			"OutputStack": 4,
			"OutputMaxStack": 6
		},
		"AdditionalOutputs": [
			{
				"OutputProbability": 0.005,
				"OutputIdentifier": "499",
				"OutputStack": 1
			},
			{
				"OutputProbability": 0.0199,
				"OutputIdentifier": "770",
				"OutputStack": 1,
				"OutputMaxStack": 4
			}
		],
		"Sounds": ["Ship"],
		"DelayedSounds":  [{"dirtyHit": 250}]
	},
	{ //Sugar Cane
		"ProducerName": "Seed Maker",
		"InputIdentifier": "Sugar Cane",
		"MinutesUntilReady": 20,
		"OutputIdentifier": "Sugar Cane Seeds",
		"OutputStack": 1,
		"OutputMaxStack": 3,
		"SilverQualityInput": {
			"Probability": 1,
			"OutputIdentifier": "Sugar Cane Seeds",
			"OutputStack": 2,
			"OutputMaxStack": 4
		},        
		"GoldQualityInput": {
			"Probability": 1,
			"OutputIdentifier": "Sugar Cane Seeds",
			"OutputStack": 3,
			"OutputMaxStack": 5
		},        
		"IridiumQualityInput": {
			"Probability": 1,
			"OutputIdentifier": "Sugar Cane Seeds",
			"OutputStack": 4,
			"OutputMaxStack": 6
		},
		"AdditionalOutputs": [
			{
				"OutputProbability": 0.005,
				"OutputIdentifier": "499",
				"OutputStack": 1
			},
			{
				"OutputProbability": 0.0199,
				"OutputIdentifier": "770",
				"OutputStack": 1,
				"OutputMaxStack": 4
			}
		],
		"Sounds": ["Ship"],
		"DelayedSounds":  [{"dirtyHit": 250}]
	},
	{ //Sulfur Shelf Mushroom
		"ProducerName": "Seed Maker",
		"InputIdentifier": "Sulfur Shelf Mushroom",
		"MinutesUntilReady": 20,
		"OutputIdentifier": "Sulfur Shelf Mushroom Seeds",
		"OutputStack": 1,
		"OutputMaxStack": 3,
		"SilverQualityInput": {
			"Probability": 1,
			"OutputIdentifier": "Sulfur Shelf Mushroom Seeds",
			"OutputStack": 2,
			"OutputMaxStack": 4
		},        
		"GoldQualityInput": {
			"Probability": 1,
			"OutputIdentifier": "Sulfur Shelf Mushroom Seeds",
			"OutputStack": 3,
			"OutputMaxStack": 5
		},        
		"IridiumQualityInput": {
			"Probability": 1,
			"OutputIdentifier": "Sulfur Shelf Mushroom Seeds",
			"OutputStack": 4,
			"OutputMaxStack": 6
		},
		"AdditionalOutputs": [
			{
				"OutputProbability": 0.005,
				"OutputIdentifier": "499",
				"OutputStack": 1
			},
			{
				"OutputProbability": 0.0199,
				"OutputIdentifier": "770",
				"OutputStack": 1,
				"OutputMaxStack": 4
			}
		],
		"Sounds": ["Ship"],
		"DelayedSounds":  [{"dirtyHit": 250}]
	},
	{ //Wasabi Root
		"ProducerName": "Seed Maker",
		"InputIdentifier": "Wasabi Root",
		"MinutesUntilReady": 20,
		"OutputIdentifier": "Wasabi Seeds",
		"OutputStack": 1,
		"OutputMaxStack": 3,
		"SilverQualityInput": {
			"Probability": 1,
			"OutputIdentifier": "Wasabi Seeds",
			"OutputStack": 2,
			"OutputMaxStack": 4
		},        
		"GoldQualityInput": {
			"Probability": 1,
			"OutputIdentifier": "Wasabi Seeds",
			"OutputStack": 3,
			"OutputMaxStack": 5
		},        
		"IridiumQualityInput": {
			"Probability": 1,
			"OutputIdentifier": "Wasabi Seeds",
			"OutputStack": 4,
			"OutputMaxStack": 6
		},
		"AdditionalOutputs": [
			{
				"OutputProbability": 0.005,
				"OutputIdentifier": "499",
				"OutputStack": 1
			},
			{
				"OutputProbability": 0.0199,
				"OutputIdentifier": "770",
				"OutputStack": 1,
				"OutputMaxStack": 4
			}
		],
		"Sounds": ["Ship"],
		"DelayedSounds":  [{"dirtyHit": 250}]
	},
	{ //Zucchini
		"ProducerName": "Seed Maker",
		"InputIdentifier": "Zucchini",
		"MinutesUntilReady": 20,
		"OutputIdentifier": "Zucchini Seeds",
		"OutputStack": 1,
		"OutputMaxStack": 3,
		"SilverQualityInput": {
			"Probability": 1,
			"OutputIdentifier": "Zucchini Seeds",
			"OutputStack": 2,
			"OutputMaxStack": 4
		},        
		"GoldQualityInput": {
			"Probability": 1,
			"OutputIdentifier": "Zucchini Seeds",
			"OutputStack": 3,
			"OutputMaxStack": 5
		},        
		"IridiumQualityInput": {
			"Probability": 1,
			"OutputIdentifier": "Zucchini Seeds",
			"OutputStack": 4,
			"OutputMaxStack": 6
		},
		"AdditionalOutputs": [
			{
				"OutputProbability": 0.005,
				"OutputIdentifier": "499",
				"OutputStack": 1
			},
			{
				"OutputProbability": 0.0199,
				"OutputIdentifier": "770",
				"OutputStack": 1,
				"OutputMaxStack": 4
			}
		],
		"Sounds": ["Ship"],
		"DelayedSounds":  [{"dirtyHit": 250}]
	},
//Fall Seeds
	{ //Barley
		"ProducerName": "Seed Maker",
		"InputIdentifier": "Barley",
		"MinutesUntilReady": 20,
		"OutputIdentifier": "Barley Seeds",
		"OutputStack": 1,
		"OutputMaxStack": 3,
		"SilverQualityInput": {
			"Probability": 1,
			"OutputIdentifier": "Barley Seeds",
			"OutputStack": 2,
			"OutputMaxStack": 4
		},        
		"GoldQualityInput": {
			"Probability": 1,
			"OutputIdentifier": "Barley Seeds",
			"OutputStack": 3,
			"OutputMaxStack": 5
		},        
		"IridiumQualityInput": {
			"Probability": 1,
			"OutputIdentifier": "Barley Seeds",
			"OutputStack": 4,
			"OutputMaxStack": 6
		},
		"AdditionalOutputs": [
			{
				"OutputProbability": 0.005,
				"OutputIdentifier": "499",
				"OutputStack": 1
			},
			{
				"OutputProbability": 0.0199,
				"OutputIdentifier": "770",
				"OutputStack": 1,
				"OutputMaxStack": 4
			}
		],
		"Sounds": ["Ship"],
		"DelayedSounds":  [{"dirtyHit": 250}]
	},
	{ //Bell Pepper
		"ProducerName": "Seed Maker",
		"InputIdentifier": "Bell Pepper",
		"MinutesUntilReady": 20,
		"OutputIdentifier": "Bell Pepper Seeds",
		"OutputStack": 1,
		"OutputMaxStack": 3,
		"SilverQualityInput": {
			"Probability": 1,
			"OutputIdentifier": "Bell Pepper Seeds",
			"OutputStack": 2,
			"OutputMaxStack": 4
		},        
		"GoldQualityInput": {
			"Probability": 1,
			"OutputIdentifier": "Bell Pepper Seeds",
			"OutputStack": 3,
			"OutputMaxStack": 5
		},        
		"IridiumQualityInput": {
			"Probability": 1,
			"OutputIdentifier": "Bell Pepper Seeds",
			"OutputStack": 4,
			"OutputMaxStack": 6
		},
		"AdditionalOutputs": [
			{
				"OutputProbability": 0.005,
				"OutputIdentifier": "499",
				"OutputStack": 1
			},
			{
				"OutputProbability": 0.0199,
				"OutputIdentifier": "770",
				"OutputStack": 1,
				"OutputMaxStack": 4
			}
		],
		"Sounds": ["Ship"],
		"DelayedSounds":  [{"dirtyHit": 250}]
	},
	{ //Blackberry
		"ProducerName": "Seed Maker",
		"InputIdentifier": "410",
		"MinutesUntilReady": 20,
		"OutputIdentifier": "Blackberry Seeds",
		"OutputStack": 1,
		"OutputMaxStack": 3,
		"SilverQualityInput": {
			"Probability": 1,
			"OutputIdentifier": "Blackberry Seeds",
			"OutputStack": 2,
			"OutputMaxStack": 4
		},        
		"GoldQualityInput": {
			"Probability": 1,
			"OutputIdentifier": "Blackberry Seeds",
			"OutputStack": 3,
			"OutputMaxStack": 5
		},        
		"IridiumQualityInput": {
			"Probability": 1,
			"OutputIdentifier": "Blackberry Seeds",
			"OutputStack": 4,
			"OutputMaxStack": 6
		},
		"AdditionalOutputs": [
			{
				"OutputProbability": 0.005,
				"OutputIdentifier": "499",
				"OutputStack": 1
			},
			{
				"OutputProbability": 0.0199,
				"OutputIdentifier": "770",
				"OutputStack": 1,
				"OutputMaxStack": 4
			}
		],
		"Sounds": ["Ship"],
		"DelayedSounds":  [{"dirtyHit": 250}]
	},
	{ //Broccoli
		"ProducerName": "Seed Maker",
		"InputIdentifier": "Broccoli",
		"MinutesUntilReady": 20,
		"OutputIdentifier": "Broccoli Seeds",
		"OutputStack": 1,
		"OutputMaxStack": 3,
		"SilverQualityInput": {
			"Probability": 1,
			"OutputIdentifier": "Broccoli Seeds",
			"OutputStack": 2,
			"OutputMaxStack": 4
		},        
		"GoldQualityInput": {
			"Probability": 1,
			"OutputIdentifier": "Broccoli Seeds",
			"OutputStack": 3,
			"OutputMaxStack": 5
		},        
		"IridiumQualityInput": {
			"Probability": 1,
			"OutputIdentifier": "Broccoli Seeds",
			"OutputStack": 4,
			"OutputMaxStack": 6
		},
		"AdditionalOutputs": [
			{
				"OutputProbability": 0.005,
				"OutputIdentifier": "499",
				"OutputStack": 1
			},
			{
				"OutputProbability": 0.0199,
				"OutputIdentifier": "770",
				"OutputStack": 1,
				"OutputMaxStack": 4
			}
		],
		"Sounds": ["Ship"],
		"DelayedSounds":  [{"dirtyHit": 250}]
	},
	{ //Carrot
		"ProducerName": "Seed Maker",
		"InputIdentifier": "Carrot",
		"MinutesUntilReady": 20,
		"OutputIdentifier": "Carrot Seeds",
		"OutputStack": 1,
		"OutputMaxStack": 3,
		"SilverQualityInput": {
			"Probability": 1,
			"OutputIdentifier": "Carrot Seeds",
			"OutputStack": 2,
			"OutputMaxStack": 4
		},        
		"GoldQualityInput": {
			"Probability": 1,
			"OutputIdentifier": "Carrot Seeds",
			"OutputStack": 3,
			"OutputMaxStack": 5
		},        
		"IridiumQualityInput": {
			"Probability": 1,
			"OutputIdentifier": "Carrot Seeds",
			"OutputStack": 4,
			"OutputMaxStack": 6
		},
		"AdditionalOutputs": [
			{
				"OutputProbability": 0.005,
				"OutputIdentifier": "499",
				"OutputStack": 1
			},
			{
				"OutputProbability": 0.0199,
				"OutputIdentifier": "770",
				"OutputStack": 1,
				"OutputMaxStack": 4
			}
		],
		"Sounds": ["Ship"],
		"DelayedSounds":  [{"dirtyHit": 250}]
	},
	{ //Celery
		"ProducerName": "Seed Maker",
		"InputIdentifier": "Celery",
		"MinutesUntilReady": 20,
		"OutputIdentifier": "Celery Seeds",
		"OutputStack": 1,
		"OutputMaxStack": 3,
		"SilverQualityInput": {
			"Probability": 1,
			"OutputIdentifier": "Celery Seeds",
			"OutputStack": 2,
			"OutputMaxStack": 4
		},        
		"GoldQualityInput": {
			"Probability": 1,
			"OutputIdentifier": "Celery Seeds",
			"OutputStack": 3,
			"OutputMaxStack": 5
		},        
		"IridiumQualityInput": {
			"Probability": 1,
			"OutputIdentifier": "Celery Seeds",
			"OutputStack": 4,
			"OutputMaxStack": 6
		},
		"AdditionalOutputs": [
			{
				"OutputProbability": 0.005,
				"OutputIdentifier": "499",
				"OutputStack": 1
			},
			{
				"OutputProbability": 0.0199,
				"OutputIdentifier": "770",
				"OutputStack": 1,
				"OutputMaxStack": 4
			}
		],
		"Sounds": ["Ship"],
		"DelayedSounds":  [{"dirtyHit": 250}]
	},
	{ //Durum
		"ProducerName": "Seed Maker",
		"InputIdentifier": "Durum",
		"MinutesUntilReady": 20,
		"OutputIdentifier": "Durum Seeds",
		"OutputStack": 1,
		"OutputMaxStack": 3,
		"SilverQualityInput": {
			"Probability": 1,
			"OutputIdentifier": "Durum Seeds",
			"OutputStack": 2,
			"OutputMaxStack": 4
		},        
		"GoldQualityInput": {
			"Probability": 1,
			"OutputIdentifier": "Durum Seeds",
			"OutputStack": 3,
			"OutputMaxStack": 5
		},        
		"IridiumQualityInput": {
			"Probability": 1,
			"OutputIdentifier": "Durum Seeds",
			"OutputStack": 4,
			"OutputMaxStack": 6
		},
		"AdditionalOutputs": [
			{
				"OutputProbability": 0.005,
				"OutputIdentifier": "499",
				"OutputStack": 1
			},
			{
				"OutputProbability": 0.0199,
				"OutputIdentifier": "770",
				"OutputStack": 1,
				"OutputMaxStack": 4
			}
		],
		"Sounds": ["Ship"],
		"DelayedSounds":  [{"dirtyHit": 250}]
	},
	{ //Fennel
		"ProducerName": "Seed Maker",
		"InputIdentifier": "Fennel",
		"MinutesUntilReady": 20,
		"OutputIdentifier": "Fennel Seeds",
		"OutputStack": 1,
		"OutputMaxStack": 3,
		"SilverQualityInput": {
			"Probability": 1,
			"OutputIdentifier": "Fennel Seeds",
			"OutputStack": 2,
			"OutputMaxStack": 4
		},        
		"GoldQualityInput": {
			"Probability": 1,
			"OutputIdentifier": "Fennel Seeds",
			"OutputStack": 3,
			"OutputMaxStack": 5
		},        
		"IridiumQualityInput": {
			"Probability": 1,
			"OutputIdentifier": "Fennel Seeds",
			"OutputStack": 4,
			"OutputMaxStack": 6
		},
		"AdditionalOutputs": [
			{
				"OutputProbability": 0.005,
				"OutputIdentifier": "499",
				"OutputStack": 1
			},
			{
				"OutputProbability": 0.0199,
				"OutputIdentifier": "770",
				"OutputStack": 1,
				"OutputMaxStack": 4
			}
		],
		"Sounds": ["Ship"],
		"DelayedSounds":  [{"dirtyHit": 250}]
	},
	{ //Ginger
		"ProducerName": "Seed Maker",
		"InputIdentifier": "Ginger",
		"MinutesUntilReady": 20,
		"OutputIdentifier": "Ginger Seeds",
		"OutputStack": 1,
		"OutputMaxStack": 3,
		"SilverQualityInput": {
			"Probability": 1,
			"OutputIdentifier": "Ginger Seeds",
			"OutputStack": 2,
			"OutputMaxStack": 4
		},        
		"GoldQualityInput": {
			"Probability": 1,
			"OutputIdentifier": "Ginger Seeds",
			"OutputStack": 3,
			"OutputMaxStack": 5
		},        
		"IridiumQualityInput": {
			"Probability": 1,
			"OutputIdentifier": "Ginger Seeds",
			"OutputStack": 4,
			"OutputMaxStack": 6
		},
		"AdditionalOutputs": [
			{
				"OutputProbability": 0.005,
				"OutputIdentifier": "499",
				"OutputStack": 1
			},
			{
				"OutputProbability": 0.0199,
				"OutputIdentifier": "770",
				"OutputStack": 1,
				"OutputMaxStack": 4
			}
		],
		"Sounds": ["Ship"],
		"DelayedSounds":  [{"dirtyHit": 250}]
	},
	{ //Habanero
		"ProducerName": "Seed Maker",
		"InputIdentifier": "Habanero",
		"MinutesUntilReady": 20,
		"OutputIdentifier": "Habanero Seeds",
		"OutputStack": 1,
		"OutputMaxStack": 3,
		"SilverQualityInput": {
			"Probability": 1,
			"OutputIdentifier": "Habanero Seeds",
			"OutputStack": 2,
			"OutputMaxStack": 4
		},        
		"GoldQualityInput": {
			"Probability": 1,
			"OutputIdentifier": "Habanero Seeds",
			"OutputStack": 3,
			"OutputMaxStack": 5
		},        
		"IridiumQualityInput": {
			"Probability": 1,
			"OutputIdentifier": "Habanero Seeds",
			"OutputStack": 4,
			"OutputMaxStack": 6
		},
		"AdditionalOutputs": [
			{
				"OutputProbability": 0.005,
				"OutputIdentifier": "499",
				"OutputStack": 1
			},
			{
				"OutputProbability": 0.0199,
				"OutputIdentifier": "770",
				"OutputStack": 1,
				"OutputMaxStack": 4
			}
		],
		"Sounds": ["Ship"],
		"DelayedSounds":  [{"dirtyHit": 250}]
	},
	{ //Jalapeno
		"ProducerName": "Seed Maker",
		"InputIdentifier": "Jalapeno",
		"MinutesUntilReady": 20,
		"OutputIdentifier": "Jalapeno Seeds",
		"OutputStack": 1,
		"OutputMaxStack": 3,
		"SilverQualityInput": {
			"Probability": 1,
			"OutputIdentifier": "Jalapeno Seeds",
			"OutputStack": 2,
			"OutputMaxStack": 4
		},        
		"GoldQualityInput": {
			"Probability": 1,
			"OutputIdentifier": "Jalapeno Seeds",
			"OutputStack": 3,
			"OutputMaxStack": 5
		},        
		"IridiumQualityInput": {
			"Probability": 1,
			"OutputIdentifier": "Jalapeno Seeds",
			"OutputStack": 4,
			"OutputMaxStack": 6
		},
		"AdditionalOutputs": [
			{
				"OutputProbability": 0.005,
				"OutputIdentifier": "499",
				"OutputStack": 1
			},
			{
				"OutputProbability": 0.0199,
				"OutputIdentifier": "770",
				"OutputStack": 1,
				"OutputMaxStack": 4
			}
		],
		"Sounds": ["Ship"],
		"DelayedSounds":  [{"dirtyHit": 250}]
	},
	{ //Kidney Bean
		"ProducerName": "Seed Maker",
		"InputIdentifier": "Kidney Bean",
		"MinutesUntilReady": 20,
		"OutputIdentifier": "Kidney Bean Starter",
		"OutputStack": 1,
		"OutputMaxStack": 3,
		"SilverQualityInput": {
			"Probability": 1,
			"OutputIdentifier": "Kidney Bean Starter",
			"OutputStack": 2,
			"OutputMaxStack": 4
		},        
		"GoldQualityInput": {
			"Probability": 1,
			"OutputIdentifier": "Kidney Bean Starter",
			"OutputStack": 3,
			"OutputMaxStack": 5
		},        
		"IridiumQualityInput": {
			"Probability": 1,
			"OutputIdentifier": "Kidney Bean Starter",
			"OutputStack": 4,
			"OutputMaxStack": 6
		},
		"AdditionalOutputs": [
			{
				"OutputProbability": 0.005,
				"OutputIdentifier": "499",
				"OutputStack": 1
			},
			{
				"OutputProbability": 0.0199,
				"OutputIdentifier": "770",
				"OutputStack": 1,
				"OutputMaxStack": 4
			}
		],
		"Sounds": ["Ship"],
		"DelayedSounds":  [{"dirtyHit": 250}]
	},
	{ //Oat
		"ProducerName": "Seed Maker",
		"InputIdentifier": "Oat",
		"MinutesUntilReady": 20,
		"OutputIdentifier": "Oat Seeds",
		"OutputStack": 1,
		"OutputMaxStack": 3,
		"SilverQualityInput": {
			"Probability": 1,
			"OutputIdentifier": "Oat Seeds",
			"OutputStack": 2,
			"OutputMaxStack": 4
		},        
		"GoldQualityInput": {
			"Probability": 1,
			"OutputIdentifier": "Oat Seeds",
			"OutputStack": 3,
			"OutputMaxStack": 5
		},        
		"IridiumQualityInput": {
			"Probability": 1,
			"OutputIdentifier": "Oat Seeds",
			"OutputStack": 4,
			"OutputMaxStack": 6
		},
		"AdditionalOutputs": [
			{
				"OutputProbability": 0.005,
				"OutputIdentifier": "499",
				"OutputStack": 1
			},
			{
				"OutputProbability": 0.0199,
				"OutputIdentifier": "770",
				"OutputStack": 1,
				"OutputMaxStack": 4
			}
		],
		"Sounds": ["Ship"],
		"DelayedSounds":  [{"dirtyHit": 250}]
	},
	{ //Paddy Taro Root
		"ProducerName": "Seed Maker",
		"InputIdentifier": "Paddy Taro Root",
		"MinutesUntilReady": 20,
		"OutputIdentifier": "Paddy Taro Seeds",
		"OutputStack": 1,
		"OutputMaxStack": 3,
		"SilverQualityInput": {
			"Probability": 1,
			"OutputIdentifier": "Paddy Taro Seeds",
			"OutputStack": 2,
			"OutputMaxStack": 4
		},        
		"GoldQualityInput": {
			"Probability": 1,
			"OutputIdentifier": "Paddy Taro Seeds",
			"OutputStack": 3,
			"OutputMaxStack": 5
		},        
		"IridiumQualityInput": {
			"Probability": 1,
			"OutputIdentifier": "Paddy Taro Seeds",
			"OutputStack": 4,
			"OutputMaxStack": 6
		},
		"AdditionalOutputs": [
			{
				"OutputProbability": 0.005,
				"OutputIdentifier": "499",
				"OutputStack": 1
			},
			{
				"OutputProbability": 0.0199,
				"OutputIdentifier": "770",
				"OutputStack": 1,
				"OutputMaxStack": 4
			}
		],
		"Sounds": ["Ship"],
		"DelayedSounds":  [{"dirtyHit": 250}]
	},
	{ //Peanut
		"ProducerName": "Seed Maker",
		"InputIdentifier": "Peanut",
		"MinutesUntilReady": 20,
		"OutputIdentifier": "Peanut Seeds",
		"OutputStack": 1,
		"OutputMaxStack": 3,
		"SilverQualityInput": {
			"Probability": 1,
			"OutputIdentifier": "Peanut Seeds",
			"OutputStack": 2,
			"OutputMaxStack": 4
		},        
		"GoldQualityInput": {
			"Probability": 1,
			"OutputIdentifier": "Peanut Seeds",
			"OutputStack": 3,
			"OutputMaxStack": 5
		},        
		"IridiumQualityInput": {
			"Probability": 1,
			"OutputIdentifier": "Peanut Seeds",
			"OutputStack": 4,
			"OutputMaxStack": 6
		},
		"AdditionalOutputs": [
			{
				"OutputProbability": 0.005,
				"OutputIdentifier": "499",
				"OutputStack": 1
			},
			{
				"OutputProbability": 0.0199,
				"OutputIdentifier": "770",
				"OutputStack": 1,
				"OutputMaxStack": 4
			}
		],
		"Sounds": ["Ship"],
		"DelayedSounds":  [{"dirtyHit": 250}]
	},
	{ //Rosemary
		"ProducerName": "Seed Maker",
		"InputIdentifier": "Rosemary",
		"MinutesUntilReady": 20,
		"OutputIdentifier": "Rosemary Seeds",
		"OutputStack": 1,
		"OutputMaxStack": 3,
		"SilverQualityInput": {
			"Probability": 1,
			"OutputIdentifier": "Rosemary Seeds",
			"OutputStack": 2,
			"OutputMaxStack": 4
		},        
		"GoldQualityInput": {
			"Probability": 1,
			"OutputIdentifier": "Rosemary Seeds",
			"OutputStack": 3,
			"OutputMaxStack": 5
		},        
		"IridiumQualityInput": {
			"Probability": 1,
			"OutputIdentifier": "Rosemary Seeds",
			"OutputStack": 4,
			"OutputMaxStack": 6
		},
		"AdditionalOutputs": [
			{
				"OutputProbability": 0.005,
				"OutputIdentifier": "499",
				"OutputStack": 1
			},
			{
				"OutputProbability": 0.0199,
				"OutputIdentifier": "770",
				"OutputStack": 1,
				"OutputMaxStack": 4
			}
		],
		"Sounds": ["Ship"],
		"DelayedSounds":  [{"dirtyHit": 250}]
	},
	{ //Sage
		"ProducerName": "Seed Maker",
		"InputIdentifier": "Sage",
		"MinutesUntilReady": 20,
		"OutputIdentifier": "Sage Seeds",
		"OutputStack": 1,
		"OutputMaxStack": 3,
		"SilverQualityInput": {
			"Probability": 1,
			"OutputIdentifier": "Sage Seeds",
			"OutputStack": 2,
			"OutputMaxStack": 4
		},        
		"GoldQualityInput": {
			"Probability": 1,
			"OutputIdentifier": "Sage Seeds",
			"OutputStack": 3,
			"OutputMaxStack": 5
		},        
		"IridiumQualityInput": {
			"Probability": 1,
			"OutputIdentifier": "Sage Seeds",
			"OutputStack": 4,
			"OutputMaxStack": 6
		},
		"AdditionalOutputs": [
			{
				"OutputProbability": 0.005,
				"OutputIdentifier": "499",
				"OutputStack": 1
			},
			{
				"OutputProbability": 0.0199,
				"OutputIdentifier": "770",
				"OutputStack": 1,
				"OutputMaxStack": 4
			}
		],
		"Sounds": ["Ship"],
		"DelayedSounds":  [{"dirtyHit": 250}]
	},
	{ //Soybean
		"ProducerName": "Seed Maker",
		"InputIdentifier": "Soybean",
		"MinutesUntilReady": 20,
		"OutputIdentifier": "Soybean Seeds",
		"OutputStack": 1,
		"OutputMaxStack": 3,
		"SilverQualityInput": {
			"Probability": 1,
			"OutputIdentifier": "Soybean Seeds",
			"OutputStack": 2,
			"OutputMaxStack": 4
		},        
		"GoldQualityInput": {
			"Probability": 1,
			"OutputIdentifier": "Soybean Seeds",
			"OutputStack": 3,
			"OutputMaxStack": 5
		},        
		"IridiumQualityInput": {
			"Probability": 1,
			"OutputIdentifier": "Soybean Seeds",
			"OutputStack": 4,
			"OutputMaxStack": 6
		},
		"AdditionalOutputs": [
			{
				"OutputProbability": 0.005,
				"OutputIdentifier": "499",
				"OutputStack": 1
			},
			{
				"OutputProbability": 0.0199,
				"OutputIdentifier": "770",
				"OutputStack": 1,
				"OutputMaxStack": 4
			}
		],
		"Sounds": ["Ship"],
		"DelayedSounds":  [{"dirtyHit": 250}]
	},
	{ //Sweet Potato
		"ProducerName": "Seed Maker",
		"InputIdentifier": "Sweet Potato",
		"MinutesUntilReady": 20,
		"OutputIdentifier": "Sweet Potato Seeds",
		"OutputStack": 1,
		"OutputMaxStack": 3,
		"SilverQualityInput": {
			"Probability": 1,
			"OutputIdentifier": "Sweet Potato Seeds",
			"OutputStack": 2,
			"OutputMaxStack": 4
		},        
		"GoldQualityInput": {
			"Probability": 1,
			"OutputIdentifier": "Sweet Potato Seeds",
			"OutputStack": 3,
			"OutputMaxStack": 5
		},        
		"IridiumQualityInput": {
			"Probability": 1,
			"OutputIdentifier": "Sweet Potato Seeds",
			"OutputStack": 4,
			"OutputMaxStack": 6
		},
		"AdditionalOutputs": [
			{
				"OutputProbability": 0.005,
				"OutputIdentifier": "499",
				"OutputStack": 1
			},
			{
				"OutputProbability": 0.0199,
				"OutputIdentifier": "770",
				"OutputStack": 1,
				"OutputMaxStack": 4
			}
		],
		"Sounds": ["Ship"],
		"DelayedSounds":  [{"dirtyHit": 250}]
	},
	{ //Tabasco Pepper
		"ProducerName": "Seed Maker",
		"InputIdentifier": "Tabasco Pepper",
		"MinutesUntilReady": 20,
		"OutputIdentifier": "Tabasco Pepper Seeds",
		"OutputStack": 1,
		"OutputMaxStack": 3,
		"SilverQualityInput": {
			"Probability": 1,
			"OutputIdentifier": "Tabasco Pepper Seeds",
			"OutputStack": 2,
			"OutputMaxStack": 4
		},        
		"GoldQualityInput": {
			"Probability": 1,
			"OutputIdentifier": "Tabasco Pepper Seeds",
			"OutputStack": 3,
			"OutputMaxStack": 5
		},        
		"IridiumQualityInput": {
			"Probability": 1,
			"OutputIdentifier": "Tabasco Pepper Seeds",
			"OutputStack": 4,
			"OutputMaxStack": 6
		},
		"AdditionalOutputs": [
			{
				"OutputProbability": 0.005,
				"OutputIdentifier": "499",
				"OutputStack": 1
			},
			{
				"OutputProbability": 0.0199,
				"OutputIdentifier": "770",
				"OutputStack": 1,
				"OutputMaxStack": 4
			}
		],
		"Sounds": ["Ship"],
		"DelayedSounds":  [{"dirtyHit": 250}]
	},
	{ //Thyme
		"ProducerName": "Seed Maker",
		"InputIdentifier": "Thyme",
		"MinutesUntilReady": 20,
		"OutputIdentifier": "Thyme Seeds",
		"OutputStack": 1,
		"OutputMaxStack": 3,
		"SilverQualityInput": {
			"Probability": 1,
			"OutputIdentifier": "Thyme Seeds",
			"OutputStack": 2,
			"OutputMaxStack": 4
		},        
		"GoldQualityInput": {
			"Probability": 1,
			"OutputIdentifier": "Thyme Seeds",
			"OutputStack": 3,
			"OutputMaxStack": 5
		},        
		"IridiumQualityInput": {
			"Probability": 1,
			"OutputIdentifier": "Thyme Seeds",
			"OutputStack": 4,
			"OutputMaxStack": 6
		},
		"AdditionalOutputs": [
			{
				"OutputProbability": 0.005,
				"OutputIdentifier": "499",
				"OutputStack": 1
			},
			{
				"OutputProbability": 0.0199,
				"OutputIdentifier": "770",
				"OutputStack": 1,
				"OutputMaxStack": 4
			}
		],
		"Sounds": ["Ship"],
		"DelayedSounds":  [{"dirtyHit": 250}]
	},
	{ //Watermelon
		"ProducerName": "Seed Maker",
		"InputIdentifier": "Watermelon",
		"MinutesUntilReady": 20,
		"OutputIdentifier": "Watermelon Seeds",
		"OutputStack": 1,
		"OutputMaxStack": 3,
		"SilverQualityInput": {
			"Probability": 1,
			"OutputIdentifier": "Watermelon Seeds",
			"OutputStack": 2,
			"OutputMaxStack": 4
		},        
		"GoldQualityInput": {
			"Probability": 1,
			"OutputIdentifier": "Watermelon Seeds",
			"OutputStack": 3,
			"OutputMaxStack": 5
		},        
		"IridiumQualityInput": {
			"Probability": 1,
			"OutputIdentifier": "Watermelon Seeds",
			"OutputStack": 4,
			"OutputMaxStack": 6
		},
		"AdditionalOutputs": [
			{
				"OutputProbability": 0.005,
				"OutputIdentifier": "499",
				"OutputStack": 1
			},
			{
				"OutputProbability": 0.0199,
				"OutputIdentifier": "770",
				"OutputStack": 1,
				"OutputMaxStack": 4
			}
		],
		"Sounds": ["Ship"],
		"DelayedSounds":  [{"dirtyHit": 250}]
	},
//Winter Seeds
	{ //Elderberry
		"ProducerName": "Seed Maker",
		"InputIdentifier": "Elderberry",
		"MinutesUntilReady": 20,
		"OutputIdentifier": "Elderberry Seeds",
		"OutputStack": 1,
		"OutputMaxStack": 3,
		"SilverQualityInput": {
			"Probability": 1,
			"OutputIdentifier": "Elderberry Seeds",
			"OutputStack": 2,
			"OutputMaxStack": 4
		},        
		"GoldQualityInput": {
			"Probability": 1,
			"OutputIdentifier": "Elderberry Seeds",
			"OutputStack": 3,
			"OutputMaxStack": 5
		},        
		"IridiumQualityInput": {
			"Probability": 1,
			"OutputIdentifier": "Elderberry Seeds",
			"OutputStack": 4,
			"OutputMaxStack": 6
		},
		"AdditionalOutputs": [
			{
				"OutputProbability": 0.005,
				"OutputIdentifier": "499",
				"OutputStack": 1
			},
			{
				"OutputProbability": 0.0199,
				"OutputIdentifier": "770",
				"OutputStack": 1,
				"OutputMaxStack": 4
			}
		],
		"Sounds": ["Ship"],
		"DelayedSounds":  [{"dirtyHit": 250}]
	},
	{ //Juniper Berry
		"ProducerName": "Seed Maker",
		"InputIdentifier": "Juniper Berry",
		"MinutesUntilReady": 20,
		"OutputIdentifier": "Juniper Berry Seeds",
		"OutputStack": 1,
		"OutputMaxStack": 3,
		"SilverQualityInput": {
			"Probability": 1,
			"OutputIdentifier": "Juniper Berry Seeds",
			"OutputStack": 2,
			"OutputMaxStack": 4
		},        
		"GoldQualityInput": {
			"Probability": 1,
			"OutputIdentifier": "Juniper Berry Seeds",
			"OutputStack": 3,
			"OutputMaxStack": 5
		},        
		"IridiumQualityInput": {
			"Probability": 1,
			"OutputIdentifier": "Juniper Berry Seeds",
			"OutputStack": 4,
			"OutputMaxStack": 6
		},
		"AdditionalOutputs": [
			{
				"OutputProbability": 0.005,
				"OutputIdentifier": "499",
				"OutputStack": 1
			},
			{
				"OutputProbability": 0.0199,
				"OutputIdentifier": "770",
				"OutputStack": 1,
				"OutputMaxStack": 4
			}
		],
		"Sounds": ["Ship"],
		"DelayedSounds":  [{"dirtyHit": 250}]
	},
	{ //Mint
		"ProducerName": "Seed Maker",
		"InputIdentifier": "Mint",
		"MinutesUntilReady": 20,
		"OutputIdentifier": "Mint Seeds",
		"OutputStack": 1,
		"OutputMaxStack": 3,
		"SilverQualityInput": {
			"Probability": 1,
			"OutputIdentifier": "Mint Seeds",
			"OutputStack": 2,
			"OutputMaxStack": 4
		},        
		"GoldQualityInput": {
			"Probability": 1,
			"OutputIdentifier": "Mint Seeds",
			"OutputStack": 3,
			"OutputMaxStack": 5
		},        
		"IridiumQualityInput": {
			"Probability": 1,
			"OutputIdentifier": "Mint Seeds",
			"OutputStack": 4,
			"OutputMaxStack": 6
		},
		"AdditionalOutputs": [
			{
				"OutputProbability": 0.005,
				"OutputIdentifier": "499",
				"OutputStack": 1
			},
			{
				"OutputProbability": 0.0199,
				"OutputIdentifier": "770",
				"OutputStack": 1,
				"OutputMaxStack": 4
			}
		],
		"Sounds": ["Ship"],
		"DelayedSounds":  [{"dirtyHit": 250}]
	},
]