{
    "Name": "Kidney Bean",
    "Product": "Kidney Bean",
    "SeedName": "Kidney Bean Starter",
    "SeedDescription": "Plant these in fall. Takes 10 days to mature, and continues to produce after the first harvest. Grows on a trellis.",
    "Type": "Vegetable",

    "Seasons": ["fall"],
    "Phases": [1, 2, 3, 2, 2, ],
    "RegrowthPhase": 4,
    "HarvestWithScythe": false,
    "TrellisCrop": true,
    "Colors": null,
    "Bonus":
    {
        "MinimumPerHarvest": 2,
        "MaximumPerHarvest": 3,
        "MaxIncreasePerFarmLevel": 5,
        "ExtraChance": 0.2,
    },
    "SeedPurchasePrice": 180,
    "SeedPurchaseRequirements": [
        "y 4",
    ],

  "SeedNameLocalization": {
    "es": "Kit de frijoles",
    "ko": "강낭콩 종자",
    "de": "Kidneybohnen-Starterset",
    "fr": "Graines de haricot rouge",
    "hu": "Vesebab ültetvény",
    // "it": "",
    "ja": "インゲン豆栽培キット",
    "pt": "Sementes de Feijão Vermelho",
    "ru": "Семена красной фасоли",
    "tr": "Barbunya Yetiştirici",
    "zh": "红腰豆种子"
  },
  "SeedDescriptionLocalization": {
    "es": "Plántala en otoño. Tardan 10 días en crecer, y continua produciendo después de la primera cosecha. Crece en una espaldera.",
    "ko": "여름 작물. 성장하려먼 10일이 소요되지만, 수확한 후에도 계속 작물이 생산됩니다. 격자 구조물에 감겨 자랍니다.",
    "de": "Pflanze sie im Sommer. Wächst in 10 Tagen heran und kann danach mehrmals geerntet werden. Wächst an einem Rankgerüst.",
    "fr": "À planter en automne. Prend 10 jours pour arriver à maturité, et continue de produire après la première récolte. Pousse sur un treillis.",
    "hu": "Ezeket nyáron ültesd el. 10 napig tart megérniük, de utána tovább termelnek. Egy lécen terem meg.",
    // "it": "",
    "ja": "秋植えの作物。そだつのに10日かかる。最初の収穫のあともくりかえし収穫できる。支柱にからみながらそだつ。",
    "pt": "Plante-as no outrono. Leva 10 dias para amadurecer e continua produzindo após a primeira colheita. Cresce em uma treliça.",
    "ru": "Сажайте осенью. Вырастает через 10 дней и продолжает давать урожай после первого сбора. Растут на шпалере.",
    "tr": "Güzde ekilir. 10 günde yetişir ve ilk hasattan sonra yetişmeye devam eder.",
    "zh": "夏天播种，10天成熟，在第一次收获后循环生产。生长在架子上。"
  }
}
