{
    "Name": "Sweet Canary Melon",
    "Product": "Sweet Canary Melon",
    "SeedName": "Sweet Canary Melon Seeds",
    "SeedDescription": "Plant these in spring. Takes 11 days to mature, and keeps producing after the first harvest.",
    "Type": "Fruit",

    "Seasons": ["spring"],
    "Phases": [1, 2, 3, 2, 3, ],
    "RegrowthPhase": 4,
    "HarvestWithScythe": false,
    "TrellisCrop": false,
    "Colors": null,
    "Bonus":
    {
        "MinimumPerHarvest": 1,
        "MaximumPerHarvest": 1,
        "MaxIncreasePerFarmLevel": 5,
        "ExtraChance": 0.0,
    },
    "SeedPurchasePrice": 450,
    "SeedPurchaseRequirements": [
        "y 2",
    ],
  "SeedNameLocalization": {
    "es": "Semillas de melón canario dulce",
    "ko": "카나리아 멜론 씨앗",
    "de": "Honigmelonen-Saat",
    "fr": "Graines de melon canari",
    "hu": "Kanári dinnye magvak",
    // "it": "",
    "ja": "カナリアメロンのタネ",
    "pt": "Sementes de melão canário",
    "ru": "Семена медовой дыни",
    "tr": "Tatlı Kanarya Kavunu Tohumu",
    "zh": "金丝甜瓜种子"
  },
  "SeedDescriptionLocalization": {
    "es": "Plántalas en primavera. Tardan 11 días en crecer, y continuan produciendo después de la primera cosecha.",
    "ko": "봄 작물. 성장하려먼 11일이 소요되지만, 수확한 후에도 계속 작물이 생산됩니다.",
    "de": "Pflanze sie im Frühling. Wächst in 11 Tagen heran und kann danach mehrmals geerntet werden.",
    "fr": "À planter au printemps. Prend 11 jours pour arriver à maturité, et continue de produire après la première récolte.",
    "hu": "Ezeket tavasszal ültesd el. 11 napig tart megérniük, de utána tovább termelnek.",
    // "it": "",
    "ja": "春植えの作物。そだつのに11日かかるが、そのあともくりかえし収穫できる。",
    "pt": "Plante-as na primavera. Demora 11 dias para amadurecer e continua produzindo após a primeira colheita.",
    "ru": "Сажайте весной. Вырастает через 11 дней и продолжает давать урожай после первого сбора.",
    "tr": "Baharda ekilir. 11 günde yetişir ve ilk hasattan sonra yetişmeye devam eder.",
    "zh": "春天播种。11天成熟，在第一次收获后循环生产。"
  }
}
