{
    "Name": "Sweet_Potato",
    "Product": "Sweet Potato",
    "SeedName": "Sweet Potato Seeds",
    "SeedDescription": "Plant these in the fall. Takes 8 days to mature.",
    "Type": "Vegetable",

    "Seasons": ["fall"],
    "Phases": [1, 2, 2, 2, 1],
    "RegrowthPhase": -1,
    "HarvestWithScythe": false,
    "TrellisCrop": false,
    "Colors": null,
    "Bonus":
    {
        "MinimumPerHarvest": 1,
        "MaximumPerHarvest": 1,
        "MaxIncreasePerFarmLevel": 5,
        "ExtraChance": 0.0,
    },
    "SeedPurchasePrice": 90,
  "SeedNameLocalization": {
    "es": "Semillas de batata",
    "ko": "고구마 씨앗",
    "de": "Süßkartoffel-Saat",
    "fr": "Tubercule de patate douce",
    "hu": "Édesburgonya magvak",
    // "it": "",
    "ja": "スイートポテトのタネ",
    "pt": "Sementes de batata doce",
    "ru": "Семена сладкого картофеля",
    "tr": "Tatlı Patates Tohumu",
    "zh": "红薯种子"
  },
  "SeedDescriptionLocalization": {
    "es": "Plántalas en otoño. Tardan 8 días en madurar.",
    "ko": "가을 작물. 성장하려면 8일이 소요됩니다.",
    "de": "Pflanze sie im Herbst. Wächst in 8 Tagen heran.",
    "fr": "À planter en automne. Prend 8 jours pour arriver à maturité.",
    "hu": "Ezeket ősszel ültesd el. 8 napig tart megérniük.",
    // "it": "",
    "ja": "秋植えの作物。そだつのに8日かかる。",
    "pt": "Plante-as no outono. Demora 8 dias para amadurecer.",
    "ru": "Сажайте осенью. Вырастает через 8 дней.",
    "tr": "Güzde ekilir. 8 günde yetişir.",
    "zh": "秋天播种。8天成熟。"
  }
}
