{
    "Name": "Carrot",
    "Description": "The old wive's tale says that eating carrots helps improve eyesight.",
    "Category": "Vegetable",
    "Edibility": 10,
    "Price": 65,
    "IsColored": false,
    "GiftTastes":
    {
        "Like": ["Alex", "Caroline", "Clint", "Demetrius", "Dwarf", "Elliott", "Emily", "Evelyn", "George", "Gus", "Harvey", "Jodi", "Kent", "Krobus", "Leah", "Lewis", "Linus", "Marnie", "Maru", "Pam", "Penny", "Pierre", "Robin", "Sandy", "Sebastian", "Shane", "Willy", "Wizard"],
        "Dislike": ["Abigail", "Haley", "Jas", "Sam", "Vincent"],
    },
    "Recipe": null,
  "NameLocalization": {
    "es": "Zanahoria",
    "ko": "당근",
    "de": "Karotte",
    "fr": "Carotte",
    "hu": "Répa",
    // "it": "",
    "ja": "ニンジン",
    "pt": "Cenoura",
    "ru": "Морковь",
    "tr": "Havuç",
    "zh": "胡萝卜"
  },
  "DescriptionLocalization": {
    "es": "Las abuelas dicen que comer zanahorias ayuda a mejorar la vista.",
    "ko": "소문에 따르면 당근을 먹으면 시력이 좋아진다네요.",
    "de": "Eine alte Bauernweisheit besagt, Karotten zu essen verbessere die Sehleistung.",
    "fr": "Les grand-mères disent que manger des carottes aide à améliorer la vue. Et ça rend plus aimable.",
    "hu": "A régi mondák szerint a répa javítja a látást.",
    // "it": "",
    "ja": "ニンジンを食べると視力がよくなるという迷信がある。",
    "pt": "Os contos de velhas esposas dizem que comer cenoura ajuda a melhorar a visão.",
    "ru": "Народная мудрость гласит, что упортребление моркови способствует улучшению зрения.",
    "tr": "Eski bir eşin hikayesine göre havuç yemek görüşü iyileştirir.",
    "zh": "老巫婆的故事说吃胡萝卜有助于提高视力。"
  },
    "ContextTags": [
        "season_fall",
        "color_orange",
        "vegetable_item",
    ],
}
