{
    "Name": "Elderberry",
    "Description": "Your mother was a hamster and your father smelt of elderberries!",
    "Category": "Fruit",
    "Edibility": -15,
    "Price": 20,
    "IsColored": false,
    "GiftTastes":
    {
        "Like": ["Demetrius", "Jodi", "Kent", "Leah", "Linus", "Pam", "Robin", "Sandy", "Shane"],
        "Dislike": ["Abigail", "Alex", "Clint", "Dwarf", "Emily", "George", "Gus", "Haley", "Harvey", "Jas", "Krobus", "Lewis", "Marnie", "Maru", "Penny", "Pierre", "Sam", "Sebastian", "Vincent", "Willy", "Wizard"],
        "Hate": ["Caroline", "Elliott", "Evelyn"],
    },
    "Recipe": null,
  "NameLocalization": {
    "es": "Saúco",
    "ko": "엘더베리",
    "de": "Holunder",
    "fr": "Baie de sureau",
    "hu": "Bodzabogyó",
    // "it": "", 
    "ja": "エルダーベリー",
    "pt": "Sabugueiro",
    "ru": "Ягоды бузины",
    "tr": "Mürver",
    "zh": "接骨木"
  },
  "DescriptionLocalization": {
    "es": "¡Tu madre era un hámster y tu padre olía a bayas de saúco!",
    "ko": "니 엄마는 햄스터고 니 아빠는 엘더베리 냄새가 난다네!",
    "de": "Wird zu Saft gepresst, der bei Erkältungen hilft!",
    "fr": "Ta mère était un hamster et ton père puait l'sureau ! (Cf. Monty Python ; les paysans trop pauvres faisaient de l'eau-de-vie avec du sureau à la place du vin)",
    "hu": "Édesanyád volt a hörcsög és édesapádnak bodzaillata volt!",
    // "it": "",
    "ja": "「Your mother was a hamster and your father smelt of elderberries!」",
    "pt": "Sua mãe era um hamster e seu pai cheirava a sabugueiro!",
    "ru": "Твоя мать была хомяком, а отец пах бузиной!",
    "tr": "Annen bir hamsterdı ve baban da mürver kokuyordu!",
    "zh": "你妈妈是一只仓鼠，那你的父亲闻起来有一股接骨木的气味！（原句的英文这是一句在外国骂人的话）接骨木主要具有中医药用途。"
  },
    "ContextTags": [
        "season_winter",
        "color_dark_blue",
        "fruit_item",
        "crop_year_2",
    ],
}
