{
    "Name": "Sweet Potato",
    "Description": "The nicer cousin of the potato. It is sweet and earthy when baked.",
    "Category": "Vegetable",
    "Edibility": 10,
    "Price": 120,
    "IsColored": false,
    "GiftTastes":
    {
        "Love": ["Linus"],
        "Like": ["Alex", "Caroline", "Clint", "Demetrius", "Dwarf", "Elliott", "Emily", "Evelyn", "George", "Gus", "Harvey", "Jodi", "Kent", "Krobus", "Leah", "Lewis", "Marnie", "Maru", "Pam", "Penny", "Pierre", "Robin", "Sandy", "Sebastian", "Shane", "Willy", "Wizard"],
        "Dislike": ["Abigail", "Haley", "Jas", "Sam", "Vincent"],
    },
    "Recipe": null,
  "NameLocalization": {
    "es": "Batata",
    "ko": "고구마",
    "de": "Süßkartoffel",
    "fr": "Patate douce",
    "hu": "Édesburgonya",
    // "it": "",
    "ja": "スイートポテト",
    "pt": "Batata doce",
    "ru": "Сладкий картофель",
    "tr": "Tatlı Patates",
    "zh": "红薯"
  },
  "DescriptionLocalization": {
    "es": "El primo más agradable de la patat. Es dulce y terrosa cuando se hornea.",
    "ko": "감자의 사촌. 구우면 달콤한 맛이 납니다.",
    "de": "Ein Vetter der normalen Kartoffel. Süß und erdig, wenn man sie backt.",
    "fr": "Le cousin proche de la pomme de terre. Elle est douce et terreuse lorsque cuisinée au four.",
    "hu": "A krumpli finomabb rokona. Édes és 'gyökeres' ízű megsütve.",
    // "it": "",
    "ja": "ジャガイモのおいしいいとこ。焼くと甘くほくほくする。",
    "pt": "O melhor primo da batata. É doce e terroso quando assado.",
    "ru": "Кузен обычного картофеля. В запеченом виде вкус сладкий и землистый.",
    "tr": "Patatesin kibar bir kuzeni, piştiği zaman tatlı ve topraksı oluyor.",
    "zh": "他是马铃薯的好表亲。烤过后很甜还带点泥土味。"
  },
    "ContextTags": [
        "season_fall",
        "color_orange",
        "color_brown",
        "vegetable_item",
    ],
}
