{
    "Name": "Watermelon Mizu",
    "Product": "Watermelon",
    "SeedName": "Watermelon Seeds",
    "SeedDescription": "Plant these in fall. Takes 14 days to mature, and keeps producing after the first harvest.",
    "Type": "Fruit",

    "Seasons": ["fall"],
    "Phases": [1, 2, 3, 4, 4, ],
    "RegrowthPhase": 5,
    "HarvestWithScythe": false,
    "TrellisCrop": false,
    "Colors": null,
    "Bonus":
    {
        "MinimumPerHarvest": 1,
        "MaximumPerHarvest": 1,
        "MaxIncreasePerFarmLevel": 5,
        "ExtraChance": 0.0,
    },
    "SeedPurchasePrice": 250,
  "SeedNameLocalization": {
    "es": "Semillas de sandia",
    "ko": "수박 씨앗",
    "de": "Wassermelonen-Saat",
    "fr": "Graines de pastèque",
    "hu": "Görögdinnye magvak",
    // "it": "",
    "ja": "スイカのタネ",
    "pt": "Sementes de melancia",
    "ru": "Семена арбуза",
    "tr": "Karpuz Tohumu",
    "zh": "西瓜种子"
  },
  "SeedDescriptionLocalization": {
    "es": "Plántalas en otoño. Tardan 14 días en crecer, y continuan produciendo después de la primera cosecha.",
    "ko": "가을 작물. 성장하려먼 14일이 소요되지만, 수확한 후에도 계속 작물이 생산됩니다.",
    "de": "Pflanze sie im Herbst. Wächst in 14 Tagen heran und kann danach mehrmals geerntet werden.",
    "fr": "À planter en automne. Prend 14 jours pour arriver à maturité, et continue de produire après la première récolte.",
    "hu": "Ezeket ősszel ültesd el. 14 napig tart megérniük, de utána tovább termelnek.",
    // "it": "",
    "ja": "秋植えの作物。そだつのに14日かかるが、そのあともくりかえし収穫できる。",
    "pt": "Plante-as no outono. Demora 14 dias para amadurecer e continua produzindo após a primeira colheita.",
    "ru": "Сажайте осенью. Вырастает через 14 дней и продолжает давать урожай после первого сбора.",
    "tr": "Güzde ekilir. 14 günde yetişir ve ilk hasattan sonra yetişmeye devam eder.",
    "zh": "秋天播种。14天成熟，在第一次收获后循环生产。"
  }
}
