{
    "Name": "Juniper",
    "Product": "Juniper Berry",
    "SeedName": "Juniper Berry Seeds",
    "SeedDescription": "Plant these in winter. Takes 13 days to mature, and keeps producing after the first harvest.",
    "Type": "Fruit",

    "Seasons": ["winter"],
    "Phases": [1, 2, 3, 4, 3, ],
    "RegrowthPhase": 3,
    "HarvestWithScythe": false,
    "TrellisCrop": false,
    "Colors": null,
    "Bonus":
    {
        "MinimumPerHarvest": 2,
        "MaximumPerHarvest": 3,
        "MaxIncreasePerFarmLevel": 5,
        "ExtraChance": 0.1,
    },
    "SeedPurchasePrice": 80,
  "SeedNameLocalization": {
    "es": "Semillas de baya de enebro",
    "ko": "주니퍼 베리 씨앗",
    "de": "Wacholder-Saat",
    "fr": "Graines de genévrier",
    "hu": "Boróka magvak",
    // "it": "",
    "ja": "ジュニパーベリーのタネ",
    "pt": "Sementes de zimbro",
    "ru": "Семена можжевельника",
    "tr": "Ardıç Tohumu",
    "zh": "杜松子种子"
  },
  "SeedDescriptionLocalization": {
    "es": "Plántalas en invierno. Tardan 13 días en crecer, y continuan produciendo después de la primera cosecha.",
    "ko": "겨울 작물. 성장하려먼 13일이 소요되지만, 수확한 후에도 계속 작물이 생산됩니다.",
    "de": "Pflanze sie im Winter. Wächst in 13 Tagen heran und kann danach mehrmals geerntet werden.",
    "fr": "À planter en hiver. Prend 13 jours pour arriver à maturité, et continue à produire après la première récolte.",
    "hu": "Ezeket télen ültesd el. 13 napig tart megérniük, de utána tovább termelnek.",
    // "it": "",
    "ja": "冬植えの作物。そだつのに13日かかるが、そのあともくりかえし収穫できる。",
    "pt": "Plante-as no inverno. Demora 13 dias para amadurecer e continua produzindo após a primeira colheita.",
    "ru": "Сажайте зимой. Вырастает через 13 дней и продолжает давать урожай после первого сбора.",
    "tr": "Kışın ekilir. 13 günde yetişir ve ilk hasattan sonra yetişmeye devam eder.",
    "zh": "冬天种植。13天成熟，在第一次收获后循环生产。"
  }
}
