{
    "Name": "Green Pea",
    "Product": "Green Peas",
    "SeedName": "Green Pea Seeds",
    "SeedDescription": "Plant these in summer. Takes 8 days to mature, but keeps producing after that. Grows on a trellis.",
    "Type": "Vegetable",

    "Seasons": ["summer"],
    "Phases": [1, 2, 2, 2, 1, ],
    "RegrowthPhase": 3,
    "HarvestWithScythe": false,
    "TrellisCrop": true,
    "Colors": null,
    "Bonus":
    {
        "MinimumPerHarvest": 2,
        "MaximumPerHarvest": 5,
        "MaxIncreasePerFarmLevel": 5,
        "ExtraChance": 0.2,
    },
    "SeedPurchasePrice": 50,
    "SeedPurchaseRequirements": [
        "y 4",
    ],
  "SeedNameLocalization": {
    "es": "Semillas de guisantes verdes",
    "ko": "완두콩 종자",
    "de": "Grüne Erbsen-Saat",
    "fr": "Graines de petit pois",
    "hu": "Zöldborsó magvak",
    // "it": "",
    "ja": "グリーンピースのタネ",
    "pt": "Sementes de ervilhas verdes",
    "ru": "Семена зелёного гороха",
    "tr": "Bezelye Tohumu",
    "zh": "青豌豆种子"
  },
  "SeedDescriptionLocalization": {
    "es": "Plántalas en verano. Tardan 8 días en crecer, pero sigue produciendo después de eso. Crece en una espaldera.",
    "ko": "여름 작물. 성장하려면 8일이 소요되지만, 수확한 후에도 계속 작물이 생산됩니다. 격자 구조물에 감겨 자랍니다.",
    "de": "Pflanze sie im Sommer. Wächst in 8 Tagen heran und kann danach mehrmals geerntet werden. Wächst an einem Rankgerüst.",
    "fr": "À planter en été. Prend 8 jours pour arriver à maturité, et continue à produire ensuite. Pousse sur un treillis.",
    "hu": "Ezeket nyáron ültesd el. 8 napig tart megérniük, de utána tovább termelnek. Egy lécen terem meg.",
    // "it": "",
    "ja": "夏植えの作物。そだつのに8日かかるが、そのあともくりかえし収穫できる。支柱にからみながらそだつ。",
    "pt": "Plante-as no verão. Demora 8 dias para amadurecer e continua produzindo após a primeira colheira. Cresce em uma treliça.",
    "ru": "Сажайте летом. Вырастает через 8 дней, но затем продолжает давать урожай. Растут на шпалере.",
    "tr": "Yazın ekilir. 8 günde yetişir ve ilk hasattan sonra yetişmeye devam eder. Sırıkta yetişir.",
    "zh": "夏天播种。8天成熟，在第一次收获后循环生产。生长在架子上。"
  }
}
