{
    "Changes": [
        //Mayor's car
        {
            "Action": "EditImage",
            "Target": "Maps/{{season}}_town",
            "FromFile": "assets/Earthy/mayor_car_{{season}}_overlay.png",
            "FromArea": { "X": 0, "Y": 0, "Width": 64, "Height": 104 },
            "ToArea": { "X": 368, "Y": 520, "Width": 64, "Height": 104 },
            "PatchMode": "Overlay",
            "When": {
              "Season": "fall, winter",
              "Mayor's Car": "True",
            }

        },
        //Joja's truck
        {
            "Action": "EditImage",
            "Target": "Maps/{{season}}_town",
            "FromFile": "assets/Earthy/joja_truck_{{season}}_overlay.png",
            "FromArea": { "X": 0, "Y": 0, "Width": 64, "Height": 128 },
            "ToArea": { "X": 192, "Y": 864, "Width": 64, "Height": 128 },
            "PatchMode": "Overlay",
            "When": {
              "Season": "fall, winter",
              "Joja Truck": "True",
            }
        },
        //Movies cars
        {
            "Action": "EditImage",
            "Target": "Maps/{{season}}_town",
            "FromFile": "assets/Earthy/movie_car_{{season}}_overlay.png",
            "FromArea": { "X": 0, "Y": 0, "Width": 64, "Height": 112 },
            "ToArea": { "X": 432, "Y": 1040, "Width": 64, "Height": 112 },
            "PatchMode": "Overlay",
            "When": {
              "Season": "fall, winter",
              "Movie Car": "True",
            }
        },
        //Caravan
        {
            "Action": "EditImage",
            "Target": "Maps/{{season}}_town",
            "FromFile": "assets/Earthy/caravan_{{season}}_overlay.png",
            "FromArea": { "X": 0, "Y": 0, "Width": 124, "Height": 64 },
            "ToArea": { "X": 224, "Y": 320, "Width": 124, "Height": 64 },
            "PatchMode": "Overlay",
      		  "When": {
      		      "Aussie Caravan": "True",
                "Season": "spring, fall, winter",
      		  }
        },

        //Bus graphics for destroyed bus
        {
          "Action": "EditImage",
          "Target": "LooseSprites/Cursors",
          "FromFile": "assets/Earthy/bus_broken_{{season}}_overlay.png",
          "FromArea": { "X": 0, "Y": 0, "Width": 128, "Height": 64 },
          "ToArea": { "X": 288, "Y": 1247, "Width": 128, "Height": 64 },
          "PatchMode": "Overlay",
          "When": {
              "HasMod": "ribeena.busspriteadjuster",
              "Season": "fall, winter",
          }
        },
        //main bus
        {
            "Action": "EditImage",
            "Target": "LooseSprites/Cursors",
            "FromFile": "assets/Earthy/bus_{{season}}_overlay.png",
            "FromArea": { "X": 0, "Y": 0, "Width": 128, "Height": 64 },
            "ToArea": { "X": 288, "Y": 1247, "Width": 128, "Height": 64 },
            "PatchMode": "Overlay",
            "When": {
      		      "HasFlag": "ccVault",
                "HasMod": "ribeena.busspriteadjuster",
                "Season": "fall, winter",
      		  }
        },
        //bus door
        {
            "Action": "EditImage",
            "Target": "LooseSprites/Cursors",
            "FromFile": "assets/Earthy/bus_{{season}}_overlay.png",
            "FromArea": { "X": 0, "Y": 64, "Width": 111, "Height": 38 },
            "ToArea": { "X": 288, "Y": 1311, "Width": 111, "Height": 38 },
            "PatchMode": "Overlay",
            "When": {
                "HasMod": "ribeena.busspriteadjuster",
                "Season": "fall, winter",
            }
        },
    ]
}
