{
    "Name": "Gooseberry",
    "Description": "A large round berry that makes for tasty pies.",
    "Category": "Fruit",
    "Edibility": 15,
    "Price": 20,
    "IsColored": false,
    "GiftTastes":
    {
        "Love": ["Maru", "Robin", "Demetrius"],
        "Like": ["Alex", "Caroline", "Clint", "Dwarf", "Elliott", "Emily", "Evelyn", "George", "Gus", "Harvey", "Jodi", "Kent", "Krobus", "Leah", "Lewis", "Linus", "Marnie", "Pam", "Penny", "Pierre", "Sam", "Sandy", "Sebastian", "Shane", "Willy", "Wizard"],
        "Neutral": ["Abigail", "Haley", "Jas", "Vincent"],
    },
    "Recipe": null,
  "NameLocalization": {
    "es": "Grosella",
    "ko": "구스베리",
    "de": "Stachelbeere",
    "fr": "Groseille à maquereau",
    "hu": "Egres",
    // "it": "",
    "ja": "グーズベリー",
    "pt": "Groselha",
    "ru": "Крыжовник",
    "tr": "Bektaşi Üzümü",
    "zh": "醋栗"
  },
  "DescriptionLocalization": {
    "es": "Una baya grande y redonda, que se usa para preparar sabrosos pasteles.",
    "ko": "둥글고 크기가 큰 베리. 맛있는 파이를 만들 수 있습니다.",
    "de": "Eine große, runde Beere - ein sehr leckerer Belag für Kuchen.",
    "fr": "Une grosse baie ronde qui fait de délicieuses tartes.",
    "hu": "Egy nagy, gömbölyű bogyó, melyből ízletes pitét lehet készíteni.",
    // "it": "",
    "ja": "おいしいパイが作れる丸くて大きなベリー。",
    "pt": "Uma grande baga redonda que dá sabor a tortas.",
    "ru": "Большая круглая ягода, из которой можно делать вкусные пироги.",
    "tr": "Leziz turtalara konulan büyük ve yuvarlak bir meyve.",
    "zh": "一种大的圆形浆果，用来做美味的馅饼。"
  },
    "ContextTags": [
        "season_summer",
        "color_red_pink",
        "fruit_item",
        "crop_year_2",
    ],
}
