{
    "Name": "Oregano",
    "Description": "A warm and aromatic, yet slightly bitter, herb in the mint family.",
    "Category": "Vegetable",
    "CategoryTextOverride": "Herb",
    "CategoryColorOverride": "93, 153, 80, 255",
    "Edibility": 5,
    "Price": 50,
    "IsColored": false,
    "GiftTastes":
    {
        "Like": ["Abigail", "Alex", "Caroline", "Clint", "Demetrius", "Dwarf", "Elliott", "Emily", "Evelyn", "George", "Gus", "Haley", "Harvey", "Jodi", "Kent", "Krobus", "Leah", "Lewis", "Linus", "Marnie", "Maru", "Pam", "Penny", "Pierre", "Robin", "Sam", "Sandy", "Sebastian", "Shane", "Willy", "Wizard"],
        "Neutral": ["Jas", "Vincent"],
    },
    "Recipe": null,
  "NameLocalization": {
    "es": "Orégano",
    "ko": "오레가노",
    "de": "Oregano",
    "fr": "Origan",
    "hu": "Oregánó",
    // "it": "",
    "ja": "オレガノ",
    "pt": "Orégano",
    "ru": "Душица",
    "tr": "Keklikotu",
    "zh": "牛至"
  },
  "DescriptionLocalization": {
    "es": "Una hierba cálida y aromática, aunque ligeramente amarga, de la familia de la menta.",
    "ko": "향기롭고, 약간 쓴, 민트과의 허브.",
    "de": "Sehr aromatischer, leicht bitterer Geschmack. Gehört zur Familie der Minze.",
    "fr": "Une herbe aromatique chaude, un peu amère, de la famille des menthes.",
    "hu": "Egy igen aromás, azonban kesernyés fűszer, amely a menta rokona.",
    // "it": "",
    "ja": "暖かみのある香りがする、少しにがめのミントの仲間。",
    "pt": "Uma erva quente e aromática, embora ligeiramente amarga, da família das mentas.",
    "ru": "Горьковатая и ароматная, немного терпкая трава семейства мятных.",
    "tr": "Nane ailesinin ılımlı, aromatik ve biraz acı bir üyesi.",
    "zh": "在薄荷家族中，这是一种温暖而芳香，但略带苦涩的草本植物。"
  },
    "ContextTags": [
        "season_summer",
        "color_green",
        "herb_item",
    ],
}
