{
    "Name": "Muskmelon",
    "Description": "It tastes better with a pinch of salt.",
    "Category": "Fruit",
    "Edibility": 20,
    "Price": 180,
    "IsColored": false,
    "GiftTastes":
    {
        "Like": ["Demetrius", "Dwarf", "Elliott", "Harvey", "Jodi", "Kent", "Leah", "Linus", "Pam", "Penny", "Robin", "Sandy", "Shane"],
        "Neutral": ["Alex", "Caroline", "Clint", "Emily", "Evelyn", "George", "Gus", "Krobus", "Lewis", "Marnie", "Maru", "Pierre", "Sam", "Sebastian", "Willy", "Wizard"],
        "Dislike": ["Abigail", "Haley", "Jas", "Vincent"],
    },
    "Recipe": null,
  "NameLocalization": {
    "es": "Melón cantalupo",
    "ko": "머스크멜론",
    "de": "Zuckermelone",
    "fr": "Melon cantaloup",
    "hu": "Sárgadinnye",
    // "it": "",
    "ja": "マスクメロン",
    "pt": "Melão",
    "ru": "Дыня-канталупа",
    "tr": "Kokulu Kavun",
    "zh": "香瓜"
  },
  "DescriptionLocalization": {
    "es": "Sabe mejor con una pizca de sal.",
    "ko": "소금을 조금 뿌려 먹으면 맛이 더 달콤해집니다.",
    "de": "Sie schmeckt besser mit einer Prise Salz.",
    "fr": "Il a meilleur goût avec une pincée de sel.",
    "hu": "Egy lehelletnyi sóval mégjobb az íze.",
    // "it": "",
    "ja": "塩をひとつまみ振りかけると甘みが引き立つ。",
    "pt": "Tem um gosto melhor com uma pitada de sal.",
    "ru": "Вкуснее с щепоткой соли.",
    "tr": "Bir tutam tuzla daha iyi tat verir.",
    "zh": "加一点盐，味道会更好。"
  },
    "ContextTags": [
        "season_spring",
        "color_tan",
        "color_orange",
        "fruit_item",
        "crop_year_2",
    ],
}
