{
    "Name": "Raspberry",
    "Description": "An extremely tart berry that has a warm glow.",
    "Category": "Fruit",
    "Edibility": 15,
    "Price": 30,
    "IsColored": false,
    "GiftTastes":
    {
        "Like": ["Demetrius", "Elliott", "Harvey", "Jodi", "Kent", "Leah", "Linus", "Pam", "Robin", "Sandy", "Shane"],
        "Neutral": ["Alex", "Caroline", "Clint", "Dwarf", "Emily", "Evelyn", "George", "Gus", "Krobus", "Lewis", "Marnie", "Maru", "Penny", "Pierre", "Sam", "Sebastian", "Willy", "Wizard"],
        "Dislike": ["Abigail", "Haley", "Jas", "Vincent"],
    },
    "Recipe": null,
  "NameLocalization": {
    "es": "Frambuesa",
    "ko": "라즈베리",
    "de": "Himbeere",
    "fr": "Framboise",
    "hu": "Málna",
    // "it": "",
    "ja": "ラズベリー",
    "pt": "Framboesa",
    "ru": "Малина",
    "tr": "Ahududu",
    "zh": "树莓"
  },
  "DescriptionLocalization": {
    "es": "Una baya extremadamente agria con un brillo cálido.",
    "ko": "붉게 빛나는 아주 시큼한 베리.",
    "de": "Eine säuerliche Beere, die einen warmen Abgang hat.",
    "fr": "Une baie extrêmement acide qui a une lueur chaude.",
    "hu": "Egy igen savanyú bogyó, mely melegséget áraszt.",
    // "it": "",
    "ja": "赤く輝くとても酸っぱいベリー。",
    "pt": "Uma baga extremamente azeda que tem um brilho quente.",
    "ru": "Терпкая ягода с приятным послевкусием.",
    "tr": "Ilımlı bir parlaması olan çok sert bir meyve.",
    "zh": "一种极酸的浆果，它散发着一种温暖的光泽。"
  },
    "ContextTags": [
        "season_summer",
        "color_dark_red",
        "fruit_item",
        "crop_year_2",
    ],
}
