{
    "Name": "Celery",
    "Product": "Celery",
    "SeedName": "Celery Seeds",
    "SeedDescription": "Plant these in fall. Takes 6 days to mature.",
    "Type": "Vegetable",

    "Seasons": ["fall"],
    "Phases": [1, 2, 2, 1],
    "RegrowthPhase": -1,
    "HarvestWithScythe": false,
    "TrellisCrop": false,
    "Colors": null,
    "Bonus":
    {
        "MinimumPerHarvest": 1,
        "MaximumPerHarvest": 1,
        "MaxIncreasePerFarmLevel": 5,
        "ExtraChance": 0.0,
    },
    "SeedPurchasePrice": 55,
    "SeedPurchaseRequirements": [
        "y 2",
    ],
  "SeedNameLocalization": {
    "es": "Semillas de apio",
    "ko": "셀러리 씨앗",
    "de": "Sellerie-Saat",
    "fr": "Graines de céleri",
    "hu": "Zeller magvak",
    // "it": "",
    "ja": "セロリのタネ",
    "pt": "Sementes de aipo",
    "ru": "Семена сельдерея",
    "tr": "Kereviz Tohumu",
    "zh": "芹菜种子"
  },
  "SeedDescriptionLocalization": {
    "es": "Plántalas en otoño. Tardan 6 días en madurar.",
    "ko": "가을 작물. 성장하려면 6일이 소요됩니다.",
    "de": "Pflanze sie im Herbst. Wächst in 6 Tagen heran.",
    "fr": "À planter en automne. Prend 6 jours pour arriver à maturité.",
    "hu": "Ezeket ősszel ültesd el. 6 napig tart megérniük.",
    // "it": "",
    "ja": "秋植えの作物。そだつのに6日かかる。",
    "pt": "Plante-as no outono. Demora 6 dias para amadurecer.",
    "ru": "Сажайте осенью. Вырастает через 6 дней.",
    "tr": "Güzde ekilir. 6 günde yetişir.",
    "zh": "秋天播种。6天成熟。"
  }
}
