{
    "Name": "Quinoa",
    "Description": "Rich in protein, dietary fiber, B vitamins, and dietary minerals in amounts greater than in many grains.",
    "Category": "Vegetable",
    "Edibility": 18,
    "Price": 30,
    "IsColored": false,
    "Recipe": null,
    "GiftTastes":
    {
        "Love": ["Elliott", "Emily", "Haley"],
        "Like": ["Abigail", "Alex", "Caroline", "Clint", "Demetrius", "Dwarf", "Evelyn", "George", "Gus", "Harvey", "Jas", "Jodi", "Kent", "Krobus", "Leah", "Lewis", "Linus", "Marnie", "Maru", "Pam", "Penny", "Pierre", "Robin", "Sam", "Sandy", "Sebastian", "Shane", "Vincent", "Willy", "Wizard"],
    },
  "NameLocalization": {
    "es": "Quinoa",
    "ko": "퀴노아",
    "de": "Quinoa",
    "fr": "Quinoa",
    "hu": "Kinoa",
    // "it": "",
    "ja": "キヌア",
    "pt": "Quinoa",
    "ru": "Киноа",
    "tr": "Kinoa",
    "zh": "藜麦"
  },
  "DescriptionLocalization": {
    "es": "Rico en proteínas, fibra, vitaminas B y minerales, en cantidades mayores que en muchos otros granos.",
    "ko": "단백질, 식이섬유, 비타민B, 그리고 미네랄이 다른 곡물들보다 풍부합니다.",
    "de": "Reicher an Proteinen, Ballaststoffen, Vitamin B und Mineralstoffen als die meisten anderen Getreide.",
    "fr": "Plus riche en protéines, fibres, Vitamines B et minéraux que beaucoup d'autres grains.",
    "hu": "Fehérjében, rostban, B vitaminban, és ásványi anyagokban gazdag növény, számos más gabonánál többet tartalaz ezekből.",
    // "it": "",
    "ja": "他の穀物よりも栄養価が高く、たんぱく質、食物繊維、ビタミンB、ミネラルが豊富。",
    "pt": "Rico em proteínas, fibras alimentares, vitamina B e sais minerais em grandes quantidades em grãos.",
    "ru": "По содержанию белка, клетчатки, витаминамов группы В и пищевых минералов значительно богаче многих зерновых.",
    "tr": "Protein, diyet lifi, B vitamini ve diğer diyet mineralleri açısından birçok tahıldan daha zengindir.",
    "zh": "富含蛋白质、膳食纤维、B族维生素和膳食矿物质，其含量高于许多谷物"
  },
    "ContextTags": [
        "season_summer",
        "color_white",
        "vegetable_item",
        "crop_year_4",
    ],
}
