{
    "Name": "Wasabi Root",
    "Description": "It's got a kick to it!",
    "Category": "Vegetable",
    "Edibility": -300,
    "Price": 165,
    "IsColored": false,
    "GiftTastes":
    {
        "Love": ["Krobus"],
        "Like": ["Harvey", "Leah", "Linus", "Shane"],
        "Neutral": ["Demetrius", "Emily", "Jodi", "Kent", "Maru", "Penny", "Sandy"],
        "Dislike": ["Abigail", "Alex", "Caroline", "Clint", "Dwarf", "Elliott", "Evelyn", "George", "Gus", "Lewis", "Marnie", "Pam", "Pierre", "Robin", "Sam", "Sebastian", "Willy", "Wizard"],
        "Hate": ["Haley", "Jas", "Vincent"],
    },
    "Recipe": null,
  "NameLocalization": {
    "es": "Raíz de wasabi",
    "ko": "생 와사비",
    "de": "Wasabiwurzel",
    "fr": "Racine de wasabi",
    "hu": "Vaszabi gyökér",
    // "it": "",
    "ja": "ワサビ",
    "pt": "Raiz de wasabi",
    "ru": "Корень васаби",
    "tr": "Vasabi Kökü",
    "zh": "山葵根"
  },
  "DescriptionLocalization": {
    "es": "¡Arde como el infierno!",
    "ko": "초밥에 빼먹을 수 없는 것!",
    "de": "Das gibt dir nen Kick!",
    "fr": "Fais attention c'est super fort ça !",
    "hu": "Az íze ütős!",
    // "it": "",
    "ja": "ツンとくる辛さ！",
    "pt": "É uma iguaria capaz de fazer muito marmanjo lacrimejar!",
    "ru": "Он заставит рыдать даже взрослого человека!",
    "tr": "Bayağı sert!",
    "zh": "它很有意思！（山葵是一味高级的调味品。日常替代品绝大部分是原产欧洲的辣根，物美价廉，在日本也叫西洋山葵）"
  },
    "ContextTags": [
        "season_summer",
        "color_light_green",
        "vegetable_item",
    ],
}
