{
    "Name": "Maguey",
    "Product": "Maguey",
    "SeedName": "Maguey Seeds",
    "SeedDescription": "Plant these in spring or summer. Takes 8 days to mature.",
    "Type": "Vegetable",

    "Seasons": ["spring", "summer"],
    "Phases": [1, 2, 3, 2],
    "RegrowthPhase": -1,
    "HarvestWithScythe": false,
    "TrellisCrop": false,
    "Colors": null,
    "Bonus":
    {
        "MinimumPerHarvest": 1,
        "MaximumPerHarvest": 1,
        "MaxIncreasePerFarmLevel": 5,
        "ExtraChance": 0.0,
    },
    "SeedPurchasePrice": 100,
    "SeedPurchaseRequirements": [
        "y 4",
    ],

  "SeedNameLocalization": {
    "es": "Semillas de agave",
    "ko": "용설란 씨앗",
    "de": "Agaven-Saat",
    "fr": "Graines d'agave",
    "hu": "Agávé magvak",
    // "it": "",
    "ja": "マゲイのタネ",
    "pt": "Sementes de Agave",
    "ru": "Семена агавы",
    "tr": "Agave Tohumu",
    "zh": "龙舌兰种子"
  },
  "SeedDescriptionLocalization": {
    "es": "Plántalas en primavera o verano. Tardan 8 días en madurar.",
    "ko": "봄 또는 여름 작물. 성장하려면 8일이 소요됩니다.",
    "de": "Pflanze sie im Frühling oder Sommer. Wächst in 8 Tagen heran.",
    "fr": "À planter au printemps ou en été. Prend 8 jours pour arriver à maturité.",
    "hu": "Ezeket tavasszal vagy nyáron ültesd el. 8 napig tart megérniük.",
    // "it": "",
    "ja": "春または夏植えの作物。そだつのに8日かかる。",
    "pt": "Plante-as na primavera ou no verão. Leva 8 dias para amadurecer.",
    "ru": "Сажайте весной или летом. Вырастает через 8 дней.",
    "tr": "Baharda veya yazın ekilir. 8 günde yetişir",
    "zh": "在春天或夏天播种。8天成熟。"
  }
}
