{
    "Name": "Butternut Squash",
    "Description": " It has a sweet, nutty taste similar to that of a pumpkin.",
    "Category": "Vegetable",
    "Edibility": 20,
    "Price": 440,
    "IsColored": false,
    "Recipe": null,
    "GiftTastes":
    {
        "Like": ["Clint", "Demetrius", "Harvey", "Jodi", "Leah", "Linus", "Maru", "Robin"],
        "Neutral": ["Alex", "Caroline", "Dwarf", "Elliott", "Emily", "Evelyn", "Gus", "Haley", "Kent", "Lewis", "Marnie", "Pam", "Pierre", "Penny", "Sandy", "Shane", "Willy", "Wizard"],
        "Dislike": ["Abigail", "George", "Krobus", "Sam", "Sebastian"],
        "Hate": ["Jas", "Vincent"]
    },
  "NameLocalization": {
    "es": "Calabaza moscada",
    "ko": "땅콩호박",
    "de": "Butternusskürbis",
    "fr": "Courge musquée",
    "hu": "Pézsmatök",
    // "it": "",
    "ja": "バターナッツスクワッシュ",
    "pt": "Abobrinha",
    "ru": "Мускатная тыква",
    "tr": "Tatlı Kabak",
    "zh": "冬南瓜"
  },
  "DescriptionLocalization": {
    "es": "Tiene un sabor dulce a nuez similar al de una calabaza.",
    "ko": "달콤하고 고소한 맛이 나며, 일반적인 호박과 맛이 비슷합니다.",
    "de": "Er hat einen süßen, nussigen Geschmack ähnlich einem Kürbis.",
    "fr": "A une saveur douce, noisettée, similaire à celle d'un potiron.",
    "hu": "Az íze édes, és egy kicsit diós, a sütőtökre emlékeztet.",
    // "it": "",
    "ja": "ナッツのような甘い風味のするカボチャ。",
    "pt": "Ela tem um doce e agradável sabor similar a de uma abóbora.",
    "ru": "Похожа на обычную тыкву, но со сладким, будто ореховым, вкусом.",
    "tr": "Balkabağına benzer olarak tatlı ve biraz ceviz gibi bir tadı var.",
    "zh": "它有一种甜甜的坚果味，类似于南瓜的味道。"
  },
    "ContextTags": [
        "season_summer",
        "color_pale_yellow",
        "vegetable_item",
        "crop_year_3",
    ],
}
