{
    "Name": "Juniper Berry",
    "Description": "Tart and not usually eaten on their own, but they ferment into gin.",
    "Category": "Fruit",
    "Edibility": 15,
    "Price": 15,
    "IsColored": false,
    "GiftTastes":
    {
        "Neutral": ["Demetrius", "Gus", "Leah", "Linus", "Maru", "Pam", "Robin", "Sandy", "Shane"],
        "Dislike": ["Abigail", "Alex", "Clint", "Dwarf", "Emily", "George", "Haley", "Harvey", "Jas", "Jodi", "Kent", "Krobus", "Lewis", "Marnie", "Penny", "Pierre", "Sam", "Sebastian", "Vincent", "Willy", "Wizard"],
        "Hate": ["Caroline", "Elliott", "Evelyn"],
    },
    "Recipe": null,
  "NameLocalization": {
    "es": "Baya de enebro",
    "ko": "주니퍼 베리",
    "de": "Wacholder",
    "fr": "Baie de genévrier",
    "hu": "Borókabogyó",
    // "it": "",
    "ja": "ジュニパーベリー",
    "pt": "Zimbro",
    "ru": "Ягоды можжевельника",
    "tr": "Ardıç",
    "zh": "杜松子"
  },
  "DescriptionLocalization": {
    "es": "No se suele comer sola, sino que se fermenta en ginebra.",
    "ko": "주니퍼 베리 자체로 타르트를 만들거나 베리 자체로 먹지는 않지만, 보통 진으로 발효시킵니다.",
    "de": "Er wird in der Regel nicht gegessen, sondern zu Gin vergärt.",
    "fr": "Aigre, elle n'est généralement pas consommée en elle-même, mais elle est fermentée pour obtenir du gin.",
    "hu": "Az íze fanyar és nem fogyasztják nyersen, de Gin-t lehet előállítani belőle.",
    // "it": "",
    "ja": "針葉樹の実。酸っぱくてあまり食用には使われないが、ジンの香り付けに用いられたりする。",
    "pt": "É azedo e, geralmente, não é comido sozinho, mas pode ser fermentado em gim.",
    "ru": "Как правило, их не едят, а сбраживают в джин.",
    "tr": "Sert, tatsız ve kendi başına çok da yenmez. Ama bundan cin yapılabilir.",
    "zh": "作为一种果子它并不经常用来直接吃，但它被用来发酵成金酒。"
  },
    "ContextTags": [
        "season_winter",
        "color_blue",
        "fruit_item",
    ],
}
