{
    "Name": "Wasabi",
    "Product": "Wasabi Root",
    "SeedName": "Wasabi Seeds",
    "SeedDescription": "Plant these in summer. Takes 8 days to mature.",
    "Type": "Vegetable",
    "Seasons": ["summer"],
    "Phases": [1, 2, 3, 2],
    "RegrowthPhase": -1,
    "HarvestWithScythe": false,
    "TrellisCrop": false,
    "Colors": null,
    "Bonus":
    {
        "MinimumPerHarvest": 1,
        "MaximumPerHarvest": 1,
        "MaxIncreasePerFarmLevel": 5,
        "ExtraChance": 0.0,
    },
    "SeedPurchasePrice": 100,
  "SeedNameLocalization": {
    "es": "Semillas de wasabi",
    "ko": "와사비 씨앗",
    "de": "Wasabi-Saat",
    "fr": "Graines de wasabi",
    "hu": "Vaszabi magvak",
    // "it": "",
    "ja": "ワサビのタネ",
    "pt": "Sementes de wasabi",
    "ru": "Семена васаби",
    "tr": "Vasabi Tohumu",
    "zh": "山葵种子"
  },
  "SeedDescriptionLocalization": {
    "es": "Plántalas en verano. Tardan 8 días en madurar.",
    "ko": "여름 작물. 성장하려면 8일이 소요됩니다.",
    "de": "Pflanze sie im Sommer. Wächst in 8 Tagen heran.",
    "fr": "À planter en été. Prend 8 jours pour arriver à maturité.",
    "hu": "Ezeket nyáron ültesd el. 8 napig tart megérniük.",
    // "it": "",
    "ja": "夏植えの作物。そだつのに8日かかる。",
    "pt": "Plante-as no verão. Demora 8 dias para amadurecer.",
    "ru": "Сажайте летом. Вырастает через 8 дней.",
    "tr": "Yazın ekilir. 8 günde yetişir.",
    "zh": "夏天播种。8天成熟。"
  }
}