{
    "Name": "Maguey",
    "Description": "The cut frond of a maquey. It can be used to make alcohol.",
    "Category": "Vegetable",
    "CategoryTextOverride": "Succulent",
    "CategoryColorOverride": "93, 153, 80, 255",
    "Edibility": 8,
    "Price": 170,
    "IsColored": false,
    "Recipe": null,
    "GiftTastes":
    {
        "Love": ["Krobus"],
        "Hate": ["Alex", "Caroline", "Clint", "Demetrius", "Dwarf", "Elliott", "Emily", "Evelyn", "George", "Gus", "Jodi", "Kent", "Harvey", "Leah", "Linus", "Marnie", "Maru", "Pam", "Penny", "Pierre", "Robin", "Sandy", "Shane", "Willy", "Wizard", "Abigail", "Haley", "Jas", "Sam", "Sebastian", "Vincent", "Lewis"],
    },
  "NameLocalization": {
    "es": "Agave",
    "ko": "용설란",
    "de": "Agave",
    "fr": "Agave cantala",
    "hu": "Agávé",
    // "it": "",
    "ja": "マゲイ",
    "pt": "Agave",
    "ru": "Агава",
    "tr": "Agave",
    "zh": "龙舌兰叶"
  },
  "DescriptionLocalization": {
    "es": "La hoja cortada de un agave. Se puede usar para fermentar alcohol.",
    "ko": "용설란에서 잘라낸 잎. 증류 가마를 이용해 술로 만들 수 있습니다.",
    "de": "Der abgeschnittene Wedel einer Agave. Kann für die Herstellung von Alkohol genutzt werden.",
    "fr": "La feuille coupée d'une agave. Elle peut être utilisée pour fermenter de l'alcool.",
    "hu": "Egy agávé levele. Alkohol előállítására használják.",
    // "it": "",
    "ja": "リュウゼツランの葉を切り取ったもの。お酒を造るために使用する。",
    "pt": "O Corte frontal de uma agave. É usada na fermentação do álcool.",
    "ru": "Срезанный лист агавы. Может быть использован для изготовления алкоголя.",
    "tr": "Agaveden kesilmiş bir yaprak. Alkol yapımında kullanılabilir.",
    "zh": "被割下的龙舌兰叶。它可以用来制造酒精"
  },
    "ContextTags": [
        "season_spring",
        "season_summer",
        "color_green",
        "succulent_item",
        "crop_year_4",
    ],
}
