{
    "Name": "Chickpea",
    "Product": "Chickpea",
    "SeedName": "Chickpea Seeds",
    "SeedDescription": "Plant these in summer. Takes 10 days to mature, and keeps producing after the first harvest.",
    "Type": "Vegetable",

    "Seasons": ["summer"],
    "Phases": [2, 2, 3, 2, 1],
    "RegrowthPhase": 5,
    "HarvestWithScythe": false,
    "TrellisCrop": false,
    "Colors": null,
    "Bonus":
    {
        "MinimumPerHarvest": 2,
        "MaximumPerHarvest": 2,
        "MaxIncreasePerFarmLevel": 5,
        "ExtraChance": 0.0,
    },
    "SeedPurchasePrice": 200,
    "SeedPurchaseRequirements": [
        "y 4",
    ],
  "SeedNameLocalization": {
    "es": "Semillas de garbanzo",
    "ko": "병아리콩 씨앗",
    "de": "Kichererbsen-Saat",
    "fr": "Graines de pois chiche",
    "hu": "Csicseriborsó magvak",
    // "it": "",
    "ja": "ヒヨコ豆のタネ",
    "pt": "Sementes de Grão-de-bico",
    "ru": "Семена нута",
    "tr": "Nohut Tohumu",
    "zh": "鹰嘴豆种子"
  },
  "SeedDescriptionLocalization": {
    "es": "Plántalas en verano. Tardan 10 días en crecer, y sigue produciendo después de la primera cosecha",
    "ko": "여름 작물. 성장하려면 10일이 소요되지만, 수확한 후에도 계속 작물이 생산됩니다.",
    "de": "Pflanze sie im Sommer. Wächst in 10 Tagen heran und kann danach mehrmals geerntet werden.",
    "fr": "À planter en été. Prend 10 jours pour arriver à maturité, et continue de produire après la première récolte.",
    "hu": "Ezeket nyáron ültesd el. 10 napig tart megérniük, de utána tovább termelnek.",
    // "it": "",
    "ja": "春植えの作物。そだつのに10日かかる。最初の収穫のあともくりかえし収穫できる。",
    "pt": "Plante-as no verão. Leva 10 dias para amadurecer e continua a produzir depois da primeira colheita.",
    "ru": "Сажайте летом. Вырастает через 10 дней, и продолжает давать урожай после первого сбора.",
    "tr": "Yazın ekilir.10 günde yetişir ve ilk hasattan sonra yetişmeye devam eder.",
    "zh": "夏天播种，10天成熟，在第一次收获后循环生产。"
  }
}
