{
    "Name": "Soybean",
    "Description": "Nutty in flavor. Its oil can be used in a plethora of products.",
    "Category": "Vegetable",
    "Edibility": 8,
    "Price": 80,
    "IsColored": false,
    "GiftTastes":
    {
	"Love": ["Marnie", "Lewis"],
        "Like": ["Caroline", "Evelyn", "Gus", "Harvey", "Jodi", "Leah", "Linus", "Sandy", ],
        "Dislike": ["Abigail", "Haley", "Jas", "Vincent"],
    },
    "Recipe": null,
  "NameLocalization": {
    "es": "Soja",
    "ko": "대두",
    "de": "Sojabohne",
    "fr": "Soja",
    "hu": "Szójabab",
    // "it": "",
    "ja": "ダイズ",
    "pt": "Soja",
    "ru": "Соя",
    "tr": "Soya Fasulyesi",
    "zh": "黄豆"
  },
  "DescriptionLocalization": {
    "es": "Tiene sabor a nuez. Su aceite puede ser utilizado en una gran cantidad de productos.",
    "ko": "견과류같은 맛이 납니다. 기름이 많아 많은 생산물에 사용될 수 있습니다.",
    "de": "Nussig im Geschmack. Ihr Öl kann in einer Vielzahl von Produkten verwendet werden.",
    "fr": "Saveur noisettée. Son huile peut être utilisée dans une pléthore de produits.",
    "hu": "Az íze diós. Olaját számtalan termékben felhasználják.",
    // "it": "",
    "ja": "味わい深い。これを油にしたものは、あらゆる製品に用いられている。",
    "pt": "Noz em sabor. Seu óleo pode ser usado em uma infinidade de produtos.",
    "ru": "Имеет ореховый вкус. Масло сои можно использовать в самых различных продуктах.",
    "tr": "Tadı cevizsi. Yağı birçok üründe kullanılabilir.",
    "zh": "坚果的味道。它的油可以用于大量的产品。"
  },
    "ContextTags": [
        "season_fall",
        "color_green",
        "vegetable_item",
        "crop_year_2",
    ],
}
