{
  "ForageSpawnEnabled": true,
  "LargeObjectSpawnEnabled": true,
  "OreSpawnEnabled": true,
  "MonsterSpawnEnabled": true,
  "Forage_Spawn_Settings": {
    "Areas": [
      {
        "SpringItemIndex": [
          18,
          20
        ],
        "SummerItemIndex": [
          396,
          402
        ],
        "FallItemIndex": [
          406,
          408
        ],
        "WinterItemIndex": [
          414,
          412
        ],
        "UniqueAreaID": "FORESTFIELD GENERIC FORAGE",
        "MapName": "Forest",
        "MinimumSpawnsPerDay": 1,
        "MaximumSpawnsPerDay": 3,
        "IncludeTerrainTypes": [
          "Grass"
        ],
        "ExcludeTerrainTypes": [
          "Stone"
        ],
        "IncludeCoordinates": [],
        "ExcludeCoordinates": [
          "0,44/14,71",
          "99,48/119,72"
        ],
        "StrictTileChecking": "High",
        "SpawnTiming": {
          "StartTime": 600,
          "EndTime": 600,
          "MinimumTimeBetweenSpawns": 10,
          "MaximumSimultaneousSpawns": null,
          "OnlySpawnIfAPlayerIsPresent": false,
          "SpawnSound": ""
        },
        "ExtraConditions": {
          "Years": [],
          "Seasons": [],
          "Days": [],
          "WeatherYesterday": [],
          "WeatherToday": [],
          "WeatherTomorrow": [],
          "CPConditions": {},
          "EPUPreconditions": [],
          "LimitedNumberOfSpawns": null
        },
        "DaysUntilSpawnsExpire": 3
      },
      {
        "SpringItemIndex": null,
        "SummerItemIndex": null,
        "FallItemIndex": null,
        "WinterItemIndex": null,
        "UniqueAreaID": "FOREST GENERIC FORAGE",
        "MapName": "Forest",
        "MinimumSpawnsPerDay": 3,
        "MaximumSpawnsPerDay": 6,
        "IncludeTerrainTypes": [
          "Grass"
        ],
        "ExcludeTerrainTypes": [
          "Stone"
        ],
        "IncludeCoordinates": [],
        "ExcludeCoordinates": [
          "0,44/14,71",
          "99,48/119,72"
        ],
        "StrictTileChecking": "High",
        "SpawnTiming": {
          "StartTime": 600,
          "EndTime": 600,
          "MinimumTimeBetweenSpawns": 10,
          "MaximumSimultaneousSpawns": null,
          "OnlySpawnIfAPlayerIsPresent": false,
          "SpawnSound": ""
        },
        "ExtraConditions": {
          "Years": [],
          "Seasons": [],
          "Days": [],
          "WeatherYesterday": [],
          "WeatherToday": [],
          "WeatherTomorrow": [],
          "CPConditions": {},
          "EPUPreconditions": [],
          "LimitedNumberOfSpawns": null
        },
        "DaysUntilSpawnsExpire": 3
      },
      {
        "SpringItemIndex": null,
        "SummerItemIndex": null,
        "FallItemIndex": null,
        "WinterItemIndex": null,
        "UniqueAreaID": "TOWN GENERIC FORAGE",
        "MapName": "Town",
        "MinimumSpawnsPerDay": 2,
        "MaximumSpawnsPerDay": 6,
        "IncludeTerrainTypes": [
          "Grass"
        ],
        "ExcludeTerrainTypes": [
          "Stone"
        ],
        "IncludeCoordinates": [],
        "ExcludeCoordinates": [],
        "StrictTileChecking": "High",
        "SpawnTiming": {
          "StartTime": 600,
          "EndTime": 600,
          "MinimumTimeBetweenSpawns": 10,
          "MaximumSimultaneousSpawns": null,
          "OnlySpawnIfAPlayerIsPresent": false,
          "SpawnSound": ""
        },
        "ExtraConditions": {
          "Years": [],
          "Seasons": [],
          "Days": [],
          "WeatherYesterday": [],
          "WeatherToday": [],
          "WeatherTomorrow": [],
          "CPConditions": {},
          "EPUPreconditions": [],
          "LimitedNumberOfSpawns": null
        },
        "DaysUntilSpawnsExpire": 3
      },
      {
        "SpringItemIndex": null,
        "SummerItemIndex": null,
        "FallItemIndex": null,
        "WinterItemIndex": null,
        "UniqueAreaID": "BACKWOODS WEST GENERIC FORAGE",
        "MapName": "Custom_BackwoodsWest",
        "MinimumSpawnsPerDay": 0,
        "MaximumSpawnsPerDay": 2,
        "IncludeTerrainTypes": [
          "Grass"
        ],
        "ExcludeTerrainTypes": [
          "Stone"
        ],
        "IncludeCoordinates": [],
        "ExcludeCoordinates": [
          "1,19/13,14"
        ],
        "StrictTileChecking": "High",
        "SpawnTiming": {
          "StartTime": 600,
          "EndTime": 600,
          "MinimumTimeBetweenSpawns": 10,
          "MaximumSimultaneousSpawns": null,
          "OnlySpawnIfAPlayerIsPresent": false,
          "SpawnSound": ""
        },
        "ExtraConditions": {
          "Years": [],
          "Seasons": [],
          "Days": [],
          "WeatherYesterday": [],
          "WeatherToday": [],
          "WeatherTomorrow": [],
          "CPConditions": {},
          "EPUPreconditions": [],
          "LimitedNumberOfSpawns": null
        },
        "DaysUntilSpawnsExpire": 3
      },
      {
        "SpringItemIndex": null,
        "SummerItemIndex": null,
        "FallItemIndex": null,
        "WinterItemIndex": null,
        "UniqueAreaID": "MOUNTAIN GENERIC FORAGE",
        "MapName": "Mountain",
        "MinimumSpawnsPerDay": 2,
        "MaximumSpawnsPerDay": 4,
        "IncludeTerrainTypes": [
          "Grass"
        ],
        "ExcludeTerrainTypes": [
          "Stone"
        ],
        "IncludeCoordinates": [],
        "ExcludeCoordinates": [],
        "StrictTileChecking": "High",
        "SpawnTiming": {
          "StartTime": 600,
          "EndTime": 600,
          "MinimumTimeBetweenSpawns": 10,
          "MaximumSimultaneousSpawns": null,
          "OnlySpawnIfAPlayerIsPresent": false,
          "SpawnSound": ""
        },
        "ExtraConditions": {
          "Years": [],
          "Seasons": [],
          "Days": [],
          "WeatherYesterday": [],
          "WeatherToday": [],
          "WeatherTomorrow": [],
          "CPConditions": {},
          "EPUPreconditions": [],
          "LimitedNumberOfSpawns": null
        },
        "DaysUntilSpawnsExpire": 3
      },
      {
        "SpringItemIndex": null,
        "SummerItemIndex": null,
        "FallItemIndex": null,
        "WinterItemIndex": null,
        "UniqueAreaID": "BUSSTOP GENERIC FORAGE",
        "MapName": "BusStop",
        "MinimumSpawnsPerDay": 1,
        "MaximumSpawnsPerDay": 2,
        "IncludeTerrainTypes": [
          "Grass"
        ],
        "ExcludeTerrainTypes": [
          "Stone"
        ],
        "IncludeCoordinates": [],
        "ExcludeCoordinates": [],
        "StrictTileChecking": "High",
        "SpawnTiming": {
          "StartTime": 600,
          "EndTime": 600,
          "MinimumTimeBetweenSpawns": 10,
          "MaximumSimultaneousSpawns": null,
          "OnlySpawnIfAPlayerIsPresent": false,
          "SpawnSound": ""
        },
        "ExtraConditions": {
          "Years": [],
          "Seasons": [],
          "Days": [],
          "WeatherYesterday": [],
          "WeatherToday": [],
          "WeatherTomorrow": [],
          "CPConditions": {},
          "EPUPreconditions": [],
          "LimitedNumberOfSpawns": null
        },
        "DaysUntilSpawnsExpire": 3
      },
      {
        "SpringItemIndex": null,
        "SummerItemIndex": null,
        "FallItemIndex": null,
        "WinterItemIndex": null,
        "UniqueAreaID": "BUSSTOPORCHARD GENERIC FORAGE",
        "MapName": "Custom_BusStopOrchard",
        "MinimumSpawnsPerDay": 1,
        "MaximumSpawnsPerDay": 3,
        "IncludeTerrainTypes": [
          "Grass"
        ],
        "ExcludeTerrainTypes": [],
        "IncludeCoordinates": [],
        "ExcludeCoordinates": [],
        "StrictTileChecking": "High",
        "SpawnTiming": {
          "StartTime": 600,
          "EndTime": 600,
          "MinimumTimeBetweenSpawns": 10,
          "MaximumSimultaneousSpawns": null,
          "OnlySpawnIfAPlayerIsPresent": false,
          "SpawnSound": ""
        },
        "ExtraConditions": {
          "Years": [],
          "Seasons": [],
          "Days": [],
          "WeatherYesterday": [],
          "WeatherToday": [],
          "WeatherTomorrow": [],
          "CPConditions": {},
          "EPUPreconditions": [],
          "LimitedNumberOfSpawns": null
        },
        "DaysUntilSpawnsExpire": 3
      },
      {
        "SpringItemIndex": null,
        "SummerItemIndex": null,
        "FallItemIndex": null,
        "WinterItemIndex": null,
        "UniqueAreaID": "BACKWOODS GENERIC FORAGE",
        "MapName": "Backwoods",
        "MinimumSpawnsPerDay": 1,
        "MaximumSpawnsPerDay": 3,
        "IncludeTerrainTypes": [
          "Grass"
        ],
        "ExcludeTerrainTypes": [
          "Stone"
        ],
        "IncludeCoordinates": [],
        "ExcludeCoordinates": [],
        "StrictTileChecking": "High",
        "SpawnTiming": {
          "StartTime": 600,
          "EndTime": 600,
          "MinimumTimeBetweenSpawns": 10,
          "MaximumSimultaneousSpawns": null,
          "OnlySpawnIfAPlayerIsPresent": false,
          "SpawnSound": ""
        },
        "ExtraConditions": {
          "Years": [],
          "Seasons": [],
          "Days": [],
          "WeatherYesterday": [],
          "WeatherToday": [],
          "WeatherTomorrow": [],
          "CPConditions": {},
          "EPUPreconditions": [],
          "LimitedNumberOfSpawns": null
        },
        "DaysUntilSpawnsExpire": 3
      },
      {
        "SpringItemIndex": [
          252,
          638,
          400,
          454
        ],
        "SummerItemIndex": [
          258,
          635,
          398,
          454
        ],
        "FallItemIndex": [
          613,
          282,
          398,
          454
        ],
        "WinterItemIndex": [
          418,
          414,
          454
        ],
        "UniqueAreaID": "RAILROAD CAVE FRUIT ROOM",
        "MapName": "Custom_RailroadCave",
        "MinimumSpawnsPerDay": 1,
        "MaximumSpawnsPerDay": 1,
        "IncludeTerrainTypes": [
          "All"
        ],
        "ExcludeTerrainTypes": [],
        "IncludeCoordinates": [],
        "ExcludeCoordinates": [
          "0,13/38,50",
          "12,0/38,13"
        ],
        "StrictTileChecking": "High",
        "SpawnTiming": {
          "StartTime": 600,
          "EndTime": 600,
          "MinimumTimeBetweenSpawns": 10,
          "MaximumSimultaneousSpawns": null,
          "OnlySpawnIfAPlayerIsPresent": false,
          "SpawnSound": ""
        },
        "ExtraConditions": {
          "Years": [],
          "Seasons": [],
          "Days": [],
          "WeatherYesterday": [],
          "WeatherToday": [],
          "WeatherTomorrow": [],
          "CPConditions": {},
          "EPUPreconditions": [],
          "LimitedNumberOfSpawns": null
        },
        "DaysUntilSpawnsExpire": 1
      },
      {
        "SpringItemIndex": [
          259
        ],
        "SummerItemIndex": [
          259
        ],
        "FallItemIndex": [
          259
        ],
        "WinterItemIndex": null,
        "UniqueAreaID": "BACKWOODS WEST FIDDLEHEADS",
        "MapName": "Custom_BackwoodsWest",
        "MinimumSpawnsPerDay": 0,
        "MaximumSpawnsPerDay": 2,
        "IncludeTerrainTypes": [
          "Grass"
        ],
        "ExcludeTerrainTypes": [],
        "IncludeCoordinates": [],
        "ExcludeCoordinates": [
          "0,0/45,18",
          "13,18/45,34"
        ],
        "StrictTileChecking": "High",
        "SpawnTiming": {
          "StartTime": 600,
          "EndTime": 600,
          "MinimumTimeBetweenSpawns": 10,
          "MaximumSimultaneousSpawns": null,
          "OnlySpawnIfAPlayerIsPresent": false,
          "SpawnSound": ""
        },
        "ExtraConditions": {
          "Years": [],
          "Seasons": [
            "Spring",
            "Summer",
            "Fall"
          ],
          "Days": [],
          "WeatherYesterday": [],
          "WeatherToday": [],
          "WeatherTomorrow": [],
          "CPConditions": {},
          "EPUPreconditions": [],
          "LimitedNumberOfSpawns": null
        },
        "DaysUntilSpawnsExpire": 1
      },
      {
        "SpringItemIndex": [
          72
        ],
        "SummerItemIndex": [
          72
        ],
        "FallItemIndex": [
          72
        ],
        "WinterItemIndex": [
          72
        ],
        "UniqueAreaID": "RAILROADCAVE SKULL ROOM DIAMOND",
        "MapName": "Custom_RailroadCave",
        "MinimumSpawnsPerDay": 1,
        "MaximumSpawnsPerDay": 1,
        "IncludeTerrainTypes": [
          "All"
        ],
        "ExcludeTerrainTypes": [],
        "IncludeCoordinates": [],
        "ExcludeCoordinates": [
          "0,0/14,14",
          "0,16/38,50"
        ],
        "StrictTileChecking": "High",
        "SpawnTiming": {
          "StartTime": 600,
          "EndTime": 600,
          "MinimumTimeBetweenSpawns": 10,
          "MaximumSimultaneousSpawns": null,
          "OnlySpawnIfAPlayerIsPresent": false,
          "SpawnSound": ""
        },
        "ExtraConditions": {
          "Years": [],
          "Seasons": [],
          "Days": [],
          "WeatherYesterday": [],
          "WeatherToday": [],
          "WeatherTomorrow": [],
          "CPConditions": {},
          "EPUPreconditions": [],
          "LimitedNumberOfSpawns": null
        },
        "DaysUntilSpawnsExpire": 1
      },
      {
        "SpringItemIndex": [
          597,
          591
        ],
        "SummerItemIndex": [
          376,
          593
        ],
        "FallItemIndex": [
          421,
          595
        ],
        "WinterItemIndex": null,
        "UniqueAreaID": "FOREST GARDEN",
        "MapName": "Forest",
        "MinimumSpawnsPerDay": 1,
        "MaximumSpawnsPerDay": 2,
        "IncludeTerrainTypes": [
          "Grass"
        ],
        "ExcludeTerrainTypes": [],
        "IncludeCoordinates": [],
        "ExcludeCoordinates": [
          "0,0/119,53",
          "0,54/102,119",
          "103,62/119,119"
        ],
        "StrictTileChecking": "High",
        "SpawnTiming": {
          "StartTime": 600,
          "EndTime": 600,
          "MinimumTimeBetweenSpawns": 10,
          "MaximumSimultaneousSpawns": null,
          "OnlySpawnIfAPlayerIsPresent": false,
          "SpawnSound": ""
        },
        "ExtraConditions": {
          "Years": [],
          "Seasons": [
            "Spring",
            "Summer",
            "Fall"
          ],
          "Days": [],
          "WeatherYesterday": [],
          "WeatherToday": [
            "Sun",
            "Wind"
          ],
          "WeatherTomorrow": [],
          "CPConditions": {},
          "EPUPreconditions": [],
          "LimitedNumberOfSpawns": null
        },
        "DaysUntilSpawnsExpire": 1
      },
      {
        "SpringItemIndex": [
          404,
          257
        ],
        "SummerItemIndex": [
          404,
          420
        ],
        "FallItemIndex": [
          404,
          281
        ],
        "WinterItemIndex": null,
        "UniqueAreaID": "FORESTFIELD MUSHROOMS",
        "MapName": "Custom_ForestField",
        "MinimumSpawnsPerDay": 1,
        "MaximumSpawnsPerDay": 3,
        "IncludeTerrainTypes": [
          "Dirt"
        ],
        "ExcludeTerrainTypes": [],
        "IncludeCoordinates": [],
        "ExcludeCoordinates": [],
        "StrictTileChecking": "High",
        "SpawnTiming": {
          "StartTime": 600,
          "EndTime": 600,
          "MinimumTimeBetweenSpawns": 10,
          "MaximumSimultaneousSpawns": null,
          "OnlySpawnIfAPlayerIsPresent": false,
          "SpawnSound": ""
        },
        "ExtraConditions": {
          "Years": [],
          "Seasons": [],
          "Days": [],
          "WeatherYesterday": [],
          "WeatherToday": [],
          "WeatherTomorrow": [],
          "CPConditions": {},
          "EPUPreconditions": [],
          "LimitedNumberOfSpawns": null
        },
        "DaysUntilSpawnsExpire": 2
      },
      {
        "SpringItemIndex": [
          {
            "Category": "Buried",
            "Contents": [
              891
            ]
          }
        ],
        "SummerItemIndex": [
          {
            "Category": "Buried",
            "Contents": [
              891
            ]
          }
        ],
        "FallItemIndex": [
          {
            "Category": "Buried",
            "Contents": [
              891
            ]
          }
        ],
        "WinterItemIndex": [
          {
            "Category": "Buried",
            "Contents": [
              891
            ]
          }
        ],
        "UniqueAreaID": "FORESTFIELD MUSHROOM TREE SEED",
        "MapName": "Custom_ForestField",
        "MinimumSpawnsPerDay": 1,
        "MaximumSpawnsPerDay": 1,
        "IncludeTerrainTypes": [
          "Grass"
        ],
        "ExcludeTerrainTypes": [],
        "IncludeCoordinates": [],
        "ExcludeCoordinates": [
          "0,0/11,26",
          "12,0/41,13",
          "13,14/41,14",
          "12,15/41,26"
        ],
        "StrictTileChecking": "High",
        "SpawnTiming": {
          "StartTime": 600,
          "EndTime": 600,
          "MinimumTimeBetweenSpawns": 10,
          "MaximumSimultaneousSpawns": null,
          "OnlySpawnIfAPlayerIsPresent": false,
          "SpawnSound": ""
        },
        "ExtraConditions": {
          "Years": [],
          "Seasons": [],
          "Days": [],
          "WeatherYesterday": [],
          "WeatherToday": [],
          "WeatherTomorrow": [],
          "CPConditions": {},
          "EPUPreconditions": [],
          "LimitedNumberOfSpawns": 1
        },
        "DaysUntilSpawnsExpire": 0
      },
      {
        "SpringItemIndex": [
          404,
          257
        ],
        "SummerItemIndex": [
          404,
          420
        ],
        "FallItemIndex": [
          404,
          281
        ],
        "WinterItemIndex": null,
        "UniqueAreaID": "TOWN TOP RIGHT MUSHROOMS",
        "MapName": "Town",
        "MinimumSpawnsPerDay": 1,
        "MaximumSpawnsPerDay": 3,
        "IncludeTerrainTypes": [
          "Diggable"
        ],
        "ExcludeTerrainTypes": [],
        "IncludeCoordinates": [],
        "ExcludeCoordinates": [
          "0,0/101,38",
          "0,39/119,109"
        ],
        "StrictTileChecking": "High",
        "SpawnTiming": {
          "StartTime": 600,
          "EndTime": 600,
          "MinimumTimeBetweenSpawns": 10,
          "MaximumSimultaneousSpawns": null,
          "OnlySpawnIfAPlayerIsPresent": false,
          "SpawnSound": ""
        },
        "ExtraConditions": {
          "Years": [],
          "Seasons": [],
          "Days": [],
          "WeatherYesterday": [],
          "WeatherToday": [],
          "WeatherTomorrow": [],
          "CPConditions": {},
          "EPUPreconditions": [],
          "LimitedNumberOfSpawns": null
        },
        "DaysUntilSpawnsExpire": 2
      }
    ],
    "PercentExtraSpawnsPerForagingLevel": 0,
    "SpringItemIndex": [
      16,
      18,
      20,
      22
    ],
    "SummerItemIndex": [
      396,
      398,
      402
    ],
    "FallItemIndex": [
      404,
      406,
      408,
      410
    ],
    "WinterItemIndex": [
      412,
      414,
      416,
      418,
      283
    ],
    "CustomTileIndex": []
  },
  "Large_Object_Spawn_Settings": {
    "Areas": [
      {
        "ObjectTypes": [
          "Stump"
        ],
        "FindExistingObjectLocations": true,
        "PercentExtraSpawnsPerSkillLevel": 0,
        "RelatedSkill": "Foraging",
        "UniqueAreaID": "TOWN TOP RIGHT STUMPS",
        "MapName": "Town",
        "MinimumSpawnsPerDay": 5,
        "MaximumSpawnsPerDay": 5,
        "IncludeTerrainTypes": [],
        "ExcludeTerrainTypes": [],
        "IncludeCoordinates": [],
        "ExcludeCoordinates": [],
        "StrictTileChecking": "High",
        "SpawnTiming": {
          "StartTime": 600,
          "EndTime": 600,
          "MinimumTimeBetweenSpawns": 10,
          "MaximumSimultaneousSpawns": null,
          "OnlySpawnIfAPlayerIsPresent": false,
          "SpawnSound": ""
        },
        "ExtraConditions": {
          "Years": [],
          "Seasons": [],
          "Days": [],
          "WeatherYesterday": [],
          "WeatherToday": [],
          "WeatherTomorrow": [],
          "CPConditions": {},
          "EPUPreconditions": [],
          "LimitedNumberOfSpawns": null
        },
        "DaysUntilSpawnsExpire": null
      },
      {
        "ObjectTypes": [
          "Stump"
        ],
        "FindExistingObjectLocations": true,
        "PercentExtraSpawnsPerSkillLevel": 0,
        "RelatedSkill": "Foraging",
        "UniqueAreaID": "FOREST FIELD STUMPS",
        "MapName": "Custom_ForestField",
        "MinimumSpawnsPerDay": 3,
        "MaximumSpawnsPerDay": 3,
        "IncludeTerrainTypes": [],
        "ExcludeTerrainTypes": [],
        "IncludeCoordinates": [],
        "ExcludeCoordinates": [],
        "StrictTileChecking": "High",
        "SpawnTiming": {
          "StartTime": 600,
          "EndTime": 600,
          "MinimumTimeBetweenSpawns": 10,
          "MaximumSimultaneousSpawns": null,
          "OnlySpawnIfAPlayerIsPresent": false,
          "SpawnSound": ""
        },
        "ExtraConditions": {
          "Years": [],
          "Seasons": [],
          "Days": [],
          "WeatherYesterday": [],
          "WeatherToday": [],
          "WeatherTomorrow": [],
          "CPConditions": {},
          "EPUPreconditions": [],
          "LimitedNumberOfSpawns": null
        },
        "DaysUntilSpawnsExpire": null
      }
    ],
    "CustomTileIndex": []
  },
  "Ore_Spawn_Settings": {
    "Areas": [
      {
        "MiningLevelRequired": null,
        "StartingSpawnChance": null,
        "LevelTenSpawnChance": null,
        "UniqueAreaID": "DEFAULT RAILROADCAVE ORES",
        "MapName": "Custom_RailroadCave",
        "MinimumSpawnsPerDay": 20,
        "MaximumSpawnsPerDay": 50,
        "IncludeTerrainTypes": [
          "All"
        ],
        "ExcludeTerrainTypes": [],
        "IncludeCoordinates": [],
        "ExcludeCoordinates": [
          "0,0/14,14"
        ],
        "StrictTileChecking": "High",
        "SpawnTiming": {
          "StartTime": 600,
          "EndTime": 600,
          "MinimumTimeBetweenSpawns": 10,
          "MaximumSimultaneousSpawns": null,
          "OnlySpawnIfAPlayerIsPresent": false,
          "SpawnSound": ""
        },
        "ExtraConditions": {
          "Years": [],
          "Seasons": [],
          "Days": [],
          "WeatherYesterday": [],
          "WeatherToday": [],
          "WeatherTomorrow": [],
          "CPConditions": {},
          "EPUPreconditions": [],
          "LimitedNumberOfSpawns": null
        },
        "DaysUntilSpawnsExpire": 1
      }
    ],
    "PercentExtraSpawnsPerMiningLevel": 0,
    "MiningLevelRequired": {
      "Stone": 0,
      "Geode": 0,
      "FrozenGeode": 0,
      "MagmaGeode": 0,
      "Gem": 0,
      "Copper": 0,
      "Iron": 0,
      "Gold": 0,
      "Iridium": 0,
      "Mystic": 0
    },
    "StartingSpawnChance": {
      "Stone": 70,
      "Geode": 1,
      "FrozenGeode": 1,
      "MagmaGeode": 1,
      "Gem": 5,
      "Copper": 20,
      "Iron": 10,
      "Gold": 8,
      "Iridium": 2,
      "Mystic": 2
    },
    "LevelTenSpawnChance": {
      "Stone": 70,
      "Geode": 1,
      "FrozenGeode": 1,
      "MagmaGeode": 1,
      "Gem": 5,
      "Copper": 20,
      "Iron": 10,
      "Gold": 8,
      "Iridium": 2,
      "Mystic": 2
    },
    "CustomTileIndex": []
  },
  "Monster_Spawn_Settings": {
    "Areas": [
      {
        "MonsterTypes": [
          {
            "MonsterName": "purple slime",
            "Settings": {
              "RelatedSkill": "Combat",
              "MinimumSkillLevel": 0,
              "SpawnWeight": 1
            }
          },
          {
            "MonsterName": "red slime",
            "Settings": {
              "RelatedSkill": "Combat",
              "MinimumSkillLevel": 0,
              "SpawnWeight": 1
            }
          }
        ],
        "UniqueAreaID": "RAILROADCAVE SKULL ROOM SLIMES",
        "MapName": "Custom_RailroadCave",
        "MinimumSpawnsPerDay": 3,
        "MaximumSpawnsPerDay": 6,
        "IncludeTerrainTypes": [
          "All"
        ],
        "ExcludeTerrainTypes": [],
        "IncludeCoordinates": [],
        "ExcludeCoordinates": [
          "0,0/14,14",
          "0,16/38,50"
        ],
        "StrictTileChecking": "High",
        "SpawnTiming": {
          "StartTime": 600,
          "EndTime": 600,
          "MinimumTimeBetweenSpawns": 10,
          "MaximumSimultaneousSpawns": null,
          "OnlySpawnIfAPlayerIsPresent": false,
          "SpawnSound": ""
        },
        "ExtraConditions": {
          "Years": [],
          "Seasons": [],
          "Days": [],
          "WeatherYesterday": [],
          "WeatherToday": [],
          "WeatherTomorrow": [],
          "CPConditions": {},
          "EPUPreconditions": [],
          "LimitedNumberOfSpawns": null
        },
        "DaysUntilSpawnsExpire": 1
      }
    ],
    "CustomTileIndex": []
  },
  "QuarryTileIndex": [
    556,
    558,
    583,
    606,
    607,
    608,
    630,
    635,
    636,
    680,
    681,
    685
  ],
  "File_Conditions": {
    "FarmTypes": [],
    "FarmerNames": [],
    "SaveFileNames": [],
    "OtherMods": {}
  }
}