{
    "Name": "Shallot",
    "Description": "Milder version of onion.",
    "Category": "Vegetable",
    "Edibility": 8,
    "Price": 115,
    "IsColored": false,
    "GiftTastes":
    {
        "Love": ["Krobus"],
        "Like": ["Alex", "Caroline", "Clint", "Demetrius", "Dwarf", "Elliott", "Emily", "George", "Gus", "Harvey", "Kent", "Leah", "Lewis", "Linus", "Marnie", "Maru", "Pam", "Penny", "Robin", "Sandy", "Sebastian", "Shane", "Willy", "Wizard"],
        "Dislike": ["Abigail", "Haley", "Jas", "Jodi", "Sam", "Vincent"],
        "Hate": ["Evelyn", "Pierre"],
    },
    "Recipe": null,
    "CanPurchase": true,
    "PurchaseFrom": "Gus",
    "PurchasePrice": 50,
  "NameLocalization": {
    "es": "Chalota",
    "ko": "샬롯",
    "de": "Schalotte",
    "fr": "Échalote",
    "hu": "Mogyoróhagyma",
    // "it": "",
    "ja": "エシャロット",
    "pt": "Chalota",
    "ru": "Лук-шалот",
    "tr": "Arpacık Soğanı",
    "zh": "火葱"
  },
  "DescriptionLocalization": {
    "es": "Versión más suave de la cebolla.",
    "ko": "양파의 작은 버전.",
    "de": "Eine mildere Unterart der Zwiebel.",
    "fr": "Version douce de l'oignon.",
    "hu": "A vöröshagyma kevésbé erős változata.",
    // "it": "",
    "ja": "よりマイルドなタマネギの仲間。",
    "pt": "Uma versão mais suave de cebola.",
    "ru": "Более мягкая версия лука.",
    "tr": "Soğanın daha hafifi.",
    "zh": "更温和的洋葱。"
  },
    "ContextTags": [
        "season_spring",
        "color_pale_pink",
        "vegetable_item",
        "crop_year_4",
    ],
}
