{
    "Name": "Mint",
    "Description": "The world's most familiar mint scent is the aroma of peppermint.",
    "Category": "Vegetable",
    "CategoryTextOverride": "Herb",
    "CategoryColorOverride": "93, 153, 80, 255",
    "Edibility": 8,
    "Price": 25,
    "IsColored": false,
    "GiftTastes":
    {
        "Like": ["Abigail", "Alex", "Caroline", "Clint", "Demetrius", "Dwarf", "Elliott", "Emily", "Evelyn", "George", "Gus", "Haley", "Harvey", "Jodi", "Kent", "Leah", "Lewis", "Linus", "Marnie", "Maru", "Pam", "Penny", "Pierre", "Robin", "Sam", "Sandy", "Sebastian", "Shane", "Willy", "Wizard"],
        "Neutral": ["Jas", "Krobus", "Vincent"],
    },
    "Recipe": null,
  "NameLocalization": {
    "es": "Menta",
    "ko": "민트",
    "de": "Minze",
    "fr": "Menthe",
    "hu": "Menta",
    // "it": "",
    "ja": "ミント",
    "pt": "Hortelã",
    "ru": "Мята",
    "tr": "Nane",
    "zh": "薄荷"
  },
  "DescriptionLocalization": {
    "es": "El aroma de menta más familiar del mundo es el aroma a hierbabuena.",
    "ko": "민트향은 박하향이다.",
    "de": "Bekanntester Vertreter auf der Welt ist die Pfefferminze.",
    "fr": "L'arôme de menthe le plus connu au travers au monde est celui de la menthe poivrée.",
    "hu": "A világon legelterjettebb menta aromájának az ízét a borsmenta adja.",
    // "it": "",
    "ja": "世間一般で一番身近なミントの香りは、ペパーミントの香りです。",
    "pt": "O aroma de menta mais conhecido do mundo é o aroma da hortelã-pimenta.",
    "ru": "Самым известным представителем мяты в мире является мята перечная.",
    "tr": "Dünyanın en çok aşina olduğu nane tadı, nane şekerinin aroması.",
    "zh": "世界上最熟悉的薄荷香味是胡椒薄荷的味道。"
  },
    "ContextTags": [
        "season_winter",
        "color_green",
        "herb_item",
    ],
}
