{
    "Name": "Lettuce",
    "Description": "Watery. It is the basis for salads worldwide.",
    "Category": "Vegetable",
    "Edibility": 30,
    "Price": 65,
    "IsColored": false,
    "GiftTastes":
    {
        "Like": ["Alex", "Caroline", "Clint", "Demetrius", "Dwarf", "Elliott", "Emily", "Evelyn", "George", "Gus", "Harvey", "Jodi", "Kent", "Krobus", "Leah", "Lewis", "Linus", "Marnie", "Maru", "Pam", "Penny", "Pierre", "Robin", "Sandy", "Sebastian", "Shane", "Willy", "Wizard"],
        "Dislike": ["Abigail", "Haley", "Jas", "Sam", "Vincent"],
    },
    "Recipe": null,
  "NameLocalization": {
    "es": "Lechuga",
    "ko": "양상추",
    "de": "Kopfsalat",
    "fr": "Laitue",
    "hu": "Saláta",
    // "it": "",
    "ja": "レタス",
    "pt": "Alface",
    "ru": "Салат-латук",
    "tr": "Marul",
    "zh": "生菜"
  },
  "DescriptionLocalization": {
    "es": "Acuosa. Es la base de las ensaladas en todo el mundo.",
    "ko": "수분이 많습니다. 전 세계 샐러드 기본으로써 이용됩니다.",
    "de": "Wasserhaltig. Weltweit Grundlage vieler Salate.",
    "fr": "Aqueux. C'est la salade de base tout autour du monde.",
    "hu": "Lédús. Világszerte a saláta alapeleme.",
    // "it": "",
    "ja": "みずみずしい。サラダのベースとして世界中で重宝されている。",
    "pt": "Aguado. É a base para saladas em todo o mundo.",
    "ru": "Очень сочный. Является основой для салатов по всему миру.",
    "tr": "Sulu. Dünya çapında salataların ana malzemesidir.",
    "zh": "富含水。它是世界各地沙拉的基础。"
  },
    "ContextTags": [
        "season_summer",
        "color_green",
        "vegetable_item",
    ],
}
