[ 
    {
        "Id": "ppja.aloepod", 
        "GroupID": "FruitsandVeggies.Seeds",
        "Text": "aloepod.text", 
        "Title": "aloepod.title",
        "Attachments": [{"Type": "Object", "Name":"Aloe Pod", "Stack": 5},],
        "LetterBG": "NicteLetterBackground.png",         
        "Repeatable": false,         
        "Date": "25 spring Y2", 
        "Seasons":  ["spring"], 
        "FriendshipConditions":
        [
            { "NpcName": "Harvey", "FriendshipLevel": 7 }
        ],
        /*"SkillConditions": 
        [
            { "SkillName": "Farming", "SkillLevel": 1 }
        ]*/
    },
    {
        "Id": "ppja.sweetcanarymelonseeds", 
        "GroupID": "FruitsandVeggies.Seeds",
        "Text": "sweetcanarymelon.text",  
        "Title": "sweetcanarymelon.title",
        "Attachments": [{"Type": "Object", "Name":"Sweet Canary Melon Seeds", "Stack": 5},], 
        "LetterBG": "NicteLetterBackground.png",        
        "Repeatable": false,         
        "Date": "5 spring Y2", 
        "Seasons":  ["spring"], 
        "FriendshipConditions":
        [
            { "NpcName": "Emily", "FriendshipLevel": 8 }
        ],
    },
    {
        "Id": "ppja.casavaseeds", 
        "GroupID": "FruitsandVeggies.Seeds",
        "Text": "cassava.text",  
        "Title": "cassava.title",
        "Attachments": [{"Type": "Object", "Name":"Cassava Seeds", "Stack": 5},], 
        "LetterBG": "NicteLetterBackground.png",        
        "Repeatable": false,         
        "Date": "12 summer Y2", 
        "Seasons":  ["summer"], 
        "FriendshipConditions":
        [
            { "NpcName": "Willy", "FriendshipLevel": 9 }
        ],
    },
    {
        "Id": "ppja.chickpeaseeds", 
        "GroupID": "FruitsandVeggies.Seeds",
        "Text": "chickepea.text",  
        "Title": "chickepea.title",
        "Attachments": [{"Type": "Object", "Name":"Chickpea Seeds", "Stack": 5},],  
        "LetterBG": "NicteLetterBackground.png",       
        "Repeatable": false,         
        "Date": "13 summer Y4", 
        "Seasons":  ["summer"], 
        "FriendshipConditions":
        [
            { "NpcName": "Robin", "FriendshipLevel": 5 }
        ],
    },
    {
        "Id": "ppja.elderberryseeds", 
        "GroupID": "FruitsandVeggies.Seeds",
        "Text": "elderberry.text",  
        "Title": "elderberry.title",
        "Attachments": [{"Type": "Object", "Name":"Elderberry Seeds", "Stack": 5},],    
        "LetterBG": "NicteLetterBackground.png",            
        "Repeatable": false,         
        "Date": "11 winter Y2", 
        "Seasons":  ["winter"], 
        "FriendshipConditions":
        [
            { "NpcName": "Linus", "FriendshipLevel": 8 }
        ],
    },
    {
        "Id": "ppja.fennelseeds", 
        "GroupID": "FruitsandVeggies.Seeds",
        "Text": "fennel.text",  
        "Title": "fennel.title",
        "Attachments": [{"Type": "Object", "Name":"Fennel Seeds", "Stack": 5},],  
        "LetterBG": "NicteLetterBackground.png",              
        "Repeatable": false,         
        "Date": "13 spring Y2", 
        "Seasons":  ["spring"], 
        "FriendshipConditions":
        [
            { "NpcName": "Jodi", "FriendshipLevel": 6 }
        ],
    },
    {
        "Id": "ppja.gooseberryseeds", 
        "GroupID": "FruitsandVeggies.Seeds",
        "Text": "gooseberry.text",  
        "Title": "gooseberry.title",
        "Attachments": [{"Type": "Object", "Name":"Gooseberry Seeds", "Stack": 5},],  
        "LetterBG": "NicteLetterBackground.png",              
        "Repeatable": false,         
        "Date": "5 summer Y1", 
        "Seasons":  ["summer"], 
        "FriendshipConditions":
        [
            { "NpcName": "Demetrius", "FriendshipLevel": 5 }
        ],
    },
    {
        "Id": "ppja.greenpeaseeds", 
        "GroupID": "FruitsandVeggies.Seeds",
        "Text": "greenpea.text",  
        "Title": "greenpea.title",
        "Attachments": [{"Type": "Object", "Name":"Green Pea Seeds", "Stack": 5},],    
        "LetterBG": "NicteLetterBackground.png",            
        "Repeatable": false,         
        "Date": "7 summer Y4", 
        "Seasons":  ["summer"], 
        "FriendshipConditions":
        [
            { "NpcName": "Penny", "FriendshipLevel": 4 }
        ],
    },
    {
        "Id": "ppja.jalapenoseeds", 
        "GroupID": "FruitsandVeggies.Seeds",
        "Text": "jalapeno.text",  
        "Title": "jalapeno.title",
        "Attachments": [{"Type": "Object", "Name":"Jalapeno Seeds", "Stack": 5},],    
        "LetterBG": "NicteLetterBackground.png",            
        "Repeatable": false,         
        "Date": "13 fall Y2", 
        "Seasons":  ["fall"], 
        "FriendshipConditions":
        [
            { "NpcName": "Sam", "FriendshipLevel": 7 }
        ],
    },
    {
        "Id": "ppja.juniperseeds", 
        "GroupID": "FruitsandVeggies.Seeds",
        "Text": "juniper.text",  
        "Title": "juniper.title",
        "Attachments": [{"Type": "Object", "Name":"Juniper Berry Seeds", "Stack": 5},], 
        "LetterBG": "NicteLetterBackground.png",               
        "Repeatable": false,         
        "Date": "3 winter Y1", 
        "Seasons":  ["winter"], 
    },
    {
        "Id": "ppja.mintseeds", 
        "GroupID": "FruitsandVeggies.Seeds",
        "Text": "mint.text",  
        "Title": "mint.title",
        "Attachments": [{"Type": "Object", "Name":"Mint Seeds", "Stack": 5},],     
        "LetterBG": "NicteLetterBackground.png",           
        "Repeatable": false,         
        "Date": "26 fall Y1", 
        "Seasons":  ["fall"], 
    },
    {
        "Id": "ppja.okraseeds", 
        "GroupID": "FruitsandVeggies.Seeds",
        "Text": "okra.text",  
        "Title": "aloepod.title",
        "Attachments": [{"Type": "Object", "Name":"Okra Seeds", "Stack": 5},],   
        "LetterBG": "NicteLetterBackground.png",             
        "Repeatable": false,         
        "Date": "9 fall Y3", 
        "Seasons":  ["fall"], 
        "FriendshipConditions":
        [
            { "NpcName": "Robin", "FriendshipLevel": 5 }
        ],
    },
    {
        "Id": "ppja.passionfruitseeds", 
        "GroupID": "FruitsandVeggies.Seeds",
        "Text": "passionfruit.text",  
        "Title": "passionfruit.title",
        "Attachments": [{"Type": "Object", "Name":"Passion Fruit Seeds", "Stack": 5},],    
        "LetterBG": "NicteLetterBackground.png",            
        "Repeatable": false,         
        "Date": "7 spring Y3", 
        "Seasons":  ["spring"], 
        "FriendshipConditions":
        [
            { "NpcName": "Jodi", "FriendshipLevel": 8 }
        ],
    },
    {
        "Id": "ppja.soybeanseeds", 
        "GroupID": "FruitsandVeggies.Seeds",
        "Text": "soybean.text",  
        "Title": "soybean.title",
        "Attachments": [{"Type": "Object", "Name":"Soybean Seeds", "Stack": 5},],     
        "LetterBG": "NicteLetterBackground.png",           
        "Repeatable": false,         
        "Date": "7 fall Y2", 
        "Seasons":  ["fall"], 
        "FriendshipConditions":
        [
            { "NpcName": "Gus", "FriendshipLevel": 8 }
        ],
    },
    /*{
        "Id": "ppja.wormwoodseeds", 
        "GroupID": "FruitsandVeggies.Seeds",
        "Text": "wormwood.text",  
        "Title": "wormwood.title",
        "Attachments": [{"Type": "Object", "Name":"Wormwood Seeds", "Stack": 5},],   
        "LetterBG": "NicteLetterBackground.png",             
        "Repeatable": false,         
        "Date": "19 fall Y2", 
        "Seasons":  ["fall"], 
        "FriendshipConditions":
        [
            { "NpcName": "Shane", "FriendshipLevel": 4 }
        ],
    },*/
    {
        "Id": "ppja.zucchiniseeds", 
        "GroupID": "FruitsandVeggies.Seeds",
        "Text": "zucchini.text",  
        "Title": "zucchini.title",
        "Attachments": [{"Type": "Object", "Name":"Zucchini Seeds", "Stack": 5},],   
        "LetterBG": "NicteLetterBackground.png",             
        "Repeatable": false,         
        "Date": "12 fall Y3", 
        "Seasons":  ["fall"], 
        "FriendshipConditions":
        [
            { "NpcName": "Lewis", "FriendshipLevel": 10 }
        ],
    },
]