{
	"Format":"1.27",
	"ConfigSchema":{
		"FestivalMaps":{
			"AllowValues":"on,off",
			"Default":"on"
		},
		"Backwoods":{
			"AllowValues":"on,off",
			"Default":"on"
		},
		"Beach":{
			"AllowValues":"on,off",
			"Default":"on"
		},
		"BusStop":{
			"AllowValues":"on,off",
			"Default":"on"
		},
		"Desert":{
			"AllowValues":"on,off",
			"Default":"on"
		},
		"Forest":{
			"AllowValues":"on, off",
			"Default":"on"
		},
		"Mountain":{
			"AllowValues":"on,off",
			"Default":"on"
		},
		"Railroad":{
			"AllowValues":"on,off",
			"Default":"on"
		},
		"Town":{
			"AllowValues":"on,off",
			"Default":"on"
		},
		"Woods":{
			"AllowValues":"on,off",
			"Default":"on"
		}
	},

	"CustomLocations":[
		{
			"Name":"Custom_BackwoodsWest",
			"FromMapFile":"assets/BackwoodsWest.tbin"
		},
		{
			"Name":"Custom_BusStopOrchard",
			"FromMapFile":"assets/BusStopOrchard.tbin"
		},
		{
			"Name":"Custom_TownShed",
			"FromMapFile":"assets/TownShed.tbin"
		},
		{
			"Name":"Custom_ForestField",
			"FromMapFile":"assets/ForestField.tbin"
		},
		{
			"Name":"Custom_RailroadCave",
			"FromMapFile":"assets/RailroadCave.tbin"
		}
	],

	"Changes":[
		//backwoods
		{
			"Action":"Load",
			"Target":"Maps/Backwoods, Maps/Tunnel, Maps/BackwoodsWest, Maps/Backwoods_Staircase",
			"FromFile":"assets/{{TargetWithoutPath}}.tbin",
			"When":{"Backwoods":"on"}
		},
		//beach
		{
			"Action":"Load",
			"Target":"Maps/Beach",
			"FromFile":"assets/Beach.tbin",
			"When":{"Beach":"on"}
		},
		{
			"Action":"Load",
			"Target":"Maps/Beach-Jellies, Maps/Beach-Luau, Maps/Beach-NightMarket",
			"FromFile":"assets/{{TargetWithoutPath}}.tbin",
			"When":{
				"Beach":"on",
				"FestivalMaps":"on"
			}
		},
		//busstop
		{
			"Action":"Load",
			"Target":"Maps/BusStop, Maps/BusStopOrchard",
			"FromFile":"assets/{{TargetWithoutPath}}.tbin",
			"When":{"BusStop":"on"}
		},
		//desert
		{
			"Action":"Load",
			"Target":"Maps/Desert",
			"FromFile":"assets/Desert.tbin",
			"When":{"Desert":"on"}
		},
		//forest
		{
			"Action":"Load",
			"Target":"Maps/Forest, Maps/Forest-SewerClean",
			"FromFile":"assets/{{TargetWithoutPath}}.tbin",
			"When":{"Forest":"on"}
		},
		{
			"Action":"Load",
			"Target":"Maps/Forest-FlowerFestival, Maps/Forest-IceFestival",
			"FromFile":"assets/{{TargetWithoutPath}}.tbin",
			"When":{
				"Forest":"on",
				"FestivalMaps":"on"
			}
		},
		//mountain
		{
			"Action":"Load",
			"Target":"Maps/Mountain, Maps/Mountain_Shortcuts, Maps/Mountain-BridgeFixed",
			"FromFile":"assets/{{TargetWithoutPath}}.tbin",
			"When":{"Mountain":"on"}
		},
		//railroad
		{
			"Action":"Load",
			"Target":"Maps/Railroad, Maps/RailroadCave",
			"FromFile":"assets/{{TargetWithoutPath}}.tbin",
			"When":{"Railroad":"on"}
		},
		//town
		{
			"Action":"Load",
			"Target":"Maps/Town, Maps/Town-DogHouse, Maps/Town-TrashGone, Maps/Town-Theater",
			"FromFile":"assets/{{TargetWithoutPath}}.tbin",
			"When":{"Town":"on"}
		},
		{
			"Action":"Load",
			"Target":"Maps/Town-Fair, Maps/Town-Christmas, Maps/Town-EggFestival, Maps/Town-Halloween",
			"FromFile":"assets/{{TargetWithoutPath}}.tbin",
			"When":{
				"Town":"on",
				"FestivalMaps":"on"
			}
		},
		//town secret notes
		{
			"Action":"EditImage",
			"Target":"TileSheets/SecretNotesImages",
			"FromFile":"assets/SecretNotesImages.png",
			"PatchMode":"Overlay",
			"When":{"Town":"on"}
		},
		{
			"Action":"EditImage",
			"Target":"TileSheets/SecretNotesImages",
			"FromFile":"assets/SecretNotesImages-DNER.png",
			"PatchMode":"Overlay",
			"When":{
				"Town":"on",
				"HasMod":"DaisyNiko.EarthyRecolour"
			}
		},
		//woods
		{
			"Action":"Load",
			"Target":"Maps/Woods",
			"FromFile":"assets/{{TargetWithoutPath}}.tbin",
			"When":{"Woods":"on"}
		},
		//location data
		{
			"Action":"EditData",
			"Target":"Data/Locations",
			"Entries":{
				"Custom_BusStopOrchard":"18 .9 20 .4 22 .7/396 .4 398 .4 402 .7/406 .6 408 .4/414 .33 418 .6 283 .5/-1/-1/-1/-1/114 .05 584 .08 378 .15 102 .15 390 .25 330 1",
				"Custom_BackwoodsWest":"20 .7 16 .5/396 .5 398 .8/404 .4 406 .4 408 .9/414 .25 418 .4 283 .5/136 -1 142 -1 153 -1 702 -1 700 -1 163 -1/136 -1 142 -1 153 -1 138 -1 702 -1 700 -1 698 -1/136 -1 140 -1 142 -1 153 -1 702 -1 700 -1/136 -1 140 -1 141 -1 153 -1 707 -1 702 -1 700 -1 698 -1/114 .05 382 .06 582 .1 378 .1 102 .15 390 .25 330 1",
				"Custom_ForestField":"16 .9 22 .9/396 .6 402 .9/404 .9 410 .9/418 .9 414 .9 283 .5/153 -1 145 0 143 0 137 1 132 0 706 0 702 0/153 -1 145 0 144 -1 138 0 132 0 706 0 704 0 702 0/143 0 153 -1 140 -1 139 0 137 1 132 0 706 0 702 0 699 0 269 1/699 0 143 0 153 -1 144 -1 141 -1 140 -1 132 0 707 0 702 0 269 1/114 .05 378 .08 579 .1 588 .1 102 .15 390 .25 330 1"
			}
		},
		//linus bathing fix
		{
			"Action":"EditData",
			"Target":"Data/Events/Mountain",
			"Entries":{
				"8357109/w sunny/t 600 1900/n linusTrashCleanup":"spring_day_ambient/-1000 -1000/farmer -100 -100 2 Linus 63 24 2/skippable/hideShadow Linus true/showFrame Linus 24/specificTemporarySprite staticSprite LooseSprites\\\\Cursors2 129 241 14 15 60 20/viewport 63 21 true/pause 5000/speak Linus \"Ahhh... that feels good.$4\"/pause 1000/speak Linus \"The water's never been cleaner.$4\"/pause 2000/speak Linus \"...And the same goes for me! Hehehe.$5\"/pause 3000/end"
			},
			"When":{"Mountain":"on"}
		},
		//strings
		{
			"Action":"EditData",
			"Target":"Strings/StringsFromMaps",
			"Entries":{
				"svr3.0":"{{i18n:svr3.0}}",
				"svr3.1":"{{i18n:svr3.1 |FarmName={{FarmName}}}}",
				"svr3.2":"{{i18n:svr3.2 |FarmName={{FarmName}}}}",
				"svr3.3":"{{i18n:svr3.3}}",
				"svr3.4":"{{i18n:svr3.4}}",
				"svr3.5":"{{i18n:svr3.5}}",
				"svr3.6":"{{i18n:svr3.6}}",
				"svr3.7":"{{i18n:svr3.7}}",
				"svr3.8":"{{i18n:svr3.8}}",
				"svr3.9":"{{i18n:svr3.9}}",
				"svr3.10":"{{i18n:svr3.10}}",
				"svr3.11":"{{i18n:svr3.11}}",
				"svr3.12":"{{i18n:svr3.12}}",
				"svr3.13":"{{i18n:svr3.13}}",
				"svr3.14":"{{i18n:svr3.14}}",
				"svr3.15":"{{i18n:svr3.15}}",
				"svr3.16":"{{i18n:svr3.16}}",
				"svr3.17":"{{i18n:svr3.17}}",
				"svr3.18":"{{i18n:svr3.18}}",
				"svr3.19":"{{i18n:svr3.19}}",
				"svr3.20":"{{i18n:svr3.20}}",
				"svr3.21":"{{i18n:svr3.21}}",
				"svr3.22":"{{i18n:svr3.22}}",
				"svr3.23":"{{i18n:svr3.23}}",
				"svr3.24":"{{i18n:svr3.24}}",
				"svr3.25":"{{i18n:svr3.25}}",
				"svr3.26":"{{i18n:svr3.26}}",
				"svr3.27":"{{i18n:svr3.27 |FarmName={{FarmName}}}}",
				"svr3.28":"{{i18n:svr3.28 |FarmName={{FarmName}}}}",
				"svr3.29":"{{i18n:svr3.29}}",
				"svr3.30":"{{i18n:svr3.30}}",
				"svr3.31":"{{i18n:svr3.31}}",
				"svr3.32":"{{i18n:svr3.32}}",
				"svr3.33":"{{i18n:svr3.33}}",
				"svr3.34":"{{i18n:svr3.34}}",
				"svr3.35":"\"Someone had set a statue down on the ridge.^Sobran blinked and swayed. For a second he saw what he knew - gilt, paint, and varnish, the sculpted labial eyes of a church statue.#\"Then he swooned while still walking forward, and the angel stood quickly to catch him.\"",
				"svr3.36":"{{i18n:svr3.36}}",
				"svr3.37":"{{i18n:svr3.37}}",
				"svr3.38":"{{i18n:svr3.38}}",
				"svr3.39":"{{i18n:svr3.39}}",
				"svr3.40":"{{i18n:svr3.40}}",
				"svr3.41":"{{i18n:svr3.41}}",
				"svr3.42":"{{i18n:svr3.42}}",
				"svr3.43":"{{i18n:svr3.43}}",
				"svr3.44":"{{i18n:svr3.44 |FarmName={{FarmName}}}}",
				"svr3.45":"{{i18n:svr3.45 |FarmName={{FarmName}}}}",
				"svr3.46":"{{i18n:svr3.46}}",
				"svr3.47":"{{i18n:svr3.47}}",
				"svr3.48":"{{i18n:svr3.48}}",
				"svr3.49":"{{i18n:svr3.49}}",
				"svr3.50":"{{i18n:svr3.50}}",
				"svr3.51":"{{i18n:svr3.51}}",
				"svr3.52":"{{i18n:svr3.52}}",
				"svr3.53":"{{i18n:svr3.53}}",
				"svr3.54":"{{i18n:svr3.54}}",
				"svr3.55":"{{i18n:svr3.55}}",
				"svr3.56":"{{i18n:svr3.56}}",
				"svr3.57":"{{i18n:svr3.57}}",
				"svr3.58":"{{i18n:svr3.58}}",
				"svr3.59":"{{i18n:svr3.59}}",
				"svr3.60":"{{i18n:svr3.60}}",
				"svr3.61":"{{i18n:svr3.61}}",
				"svr3.62":"{{i18n:svr3.62}}",
				"svr3.63":"{{i18n:svr3.63}}",
				"svr3.64":"{{i18n:svr3.64}}",
				"svr3.65":"{{i18n:svr3.65}}",
				"svr3.66":"\"The very deep did rot: O Christ! That ever this should be! Yea, slimy things did crawl with legs Upon the slimy sea.#\"About, about, in reel and rout The death-fires danced at night; The water, like a witch's oils, Burnt green, and blue, and white.\"",
				"svr3.67":"{{i18n:svr3.67}}",
				"svr3.68":"{{i18n:svr3.68}}",
				"svr3.69":"{{i18n:svr3.69}}",
				"svr3.70":"{{i18n:svr3.70}}",
				"svr3.71":"{{i18n:svr3.71}}",
				"svr3.72":"{{i18n:svr3.72}}",
				"svr3.73":"{{i18n:svr3.73}}",
				"svr3.74":"{{i18n:svr3.74}}",
				"svr3.75":"{{i18n:svr3.75}}",
			}
		},
		{
			"Action":"EditData",
			"Target":"Strings/StringsFromMaps",
			"Entries":{
				"svr3.8":"{{i18n:svr3.8a}}",
				"svr3.18":"{{i18n:svr3.18a}}",
				"svr3.33":"{{i18n:svr3.33a}}",
				"svr3.35":"{{i18n:svr3.35a}}",
				"svr3.45":"{{i18n:svr3.45a}}",
				"svr3.51":"{{i18n:svr3.51a}}",
				"svr3.63":"{{i18n:svr3.63a}}",
				"svr3.66":"{{i18n:svr3.66a}}",
			},
			"When":{
				"Season":"Winter"
			}
		},
		{
			"Action":"EditData",
			"Target":"Strings/StringsFromMaps",
			"Entries":{
				"svr3.69":"{{i18n:svr3.69a}}"
			},
			"When":{
				"HasFlag":"ccMovieTheater"
			}
		}	
	]
}