{
    "Name": "Bell Pepper",
    "Description": "The tamest pepper on the scale. A delicious addition to many meals!",
    "Category": "Vegetable",
    "Edibility": 8,
    "Price": 70,
    "IsColored": false,
    "GiftTastes":
    {
        "Like": ["Alex", "Caroline", "Clint", "Demetrius", "Dwarf", "Elliott", "Emily", "Evelyn", "George", "Gus", "Harvey", "Jodi", "Kent", "Krobus", "Leah", "Lewis", "Linus", "Marnie", "Maru", "Pam", "Penny", "Pierre", "Robin", "Sandy", "Sebastian", "Shane", "Willy", "Wizard"],
        "Dislike": ["Abigail", "Haley", "Jas", "Sam", "Vincent"],
    },
    "Recipe": null,
  "NameLocalization": {
    "es": "Pimiento",
    "ko": "피망",
    "de": "Paprika",
    "fr": "Poivron",
    "hu": "Kaliforniai Paprika",
    // "it": "",
    "ja": "パプリカ",
    "pt": "Pimentão",
    "ru": "Болгарский перец",
    "tr": "Dolmalık Biber",
    "zh": "甜椒"
  },
  "DescriptionLocalization": {
    "es": "El pimiento más dócil en la escala. ¡Una deliciosa adición a muchas comidas!",
    "ko": "고추가 개량된 작물. 많은 음식에 들어가는 맛있는 재료입니다!",
    "de": "Der mildeste Pfeffer. Eine wohlschmeckende Beilage bei vielen Gerichten.",
    "fr": "Un légume fade sur l'échelle des piments. Une addition délicieuse à de nombreux plats !",
    "hu": "A legenyhébb ízű paprika a skálán. Ízletes kiegészítő számtalan ételhez.",
    // "it": "",
    "ja": "品種改良されたトウガラシの仲間。　色んなおいしい料理に！",
    "pt": "Na escala de ardência, é a pimenta mais fraca. Uma deliciosa adição a muitas refeições!",
    "ru": "Самый мирный перец в плане остроты. Вкусное дополнение ко многим блюдам!",
    "tr": "Bu boyuttaki en kullanışlı biber. Birçok yemeğe lezzet verir!",
    "zh": "温和辣味程度的辣椒。很多菜单里的美味佳肴！"
  },
    "ContextTags": [
        "season_fall",
        "color_red",
        "vegetable_item",
    ],
}
