{
    "Name": "Peanut",
    "Description": "A slightly salty nut that can be churned into peanut butter.",
    "Category": "Vegetable",
    "Edibility": 8,
    "Price": 75,
    "IsColored": false,
    "GiftTastes":
    {
        "Love": ["Harvey", "Kent", "Leah", "Linus"],
        "Like": ["Abigail", "Alex", "Caroline", "Clint", "Demetrius", "Dwarf", "Elliott", "Emily", "Evelyn", "George", "Gus", "Haley", "Jas", "Jodi", "Lewis", "Marnie", "Maru", "Pam", "Penny", "Pierre", "Robin", "Sam", "Sandy", "Sebastian", "Shane", "Vincent", "Wizard"],
        "Dislike": ["Krobus", "Willy"],
    },
    "Recipe": null,
  "NameLocalization": {
    "es": "Maní",
    "ko": "땅콩",
    "de": "Erdnuss",
    "fr": "Cacahuète",
    "hu": "Földimogyoró",
    // "it": "",
    "ja": "ピーナッツ",
    "pt": "Amendoim",
    "ru": "Арахис",
    "tr": "Fıstık",
    "zh": "花生"
  },
  "DescriptionLocalization": {
    "es": "Una nuez ligeramente salada que se puede batir en mantequilla de cacahuete.",
    "ko": "땅콩버터로 만들 수 있는 약간 짭조름한 견과류.",
    "de": "Eine leicht salzige Nuss, die zu Erdnussbutter verabeitet werden kann.",
    "fr": "Une noix légérement salée qui peut être baratté en beurre de cacahuète.",
    "hu": "Egy kissé sós dióféle melyet mogyoróvaj előállítására használnak.",
    // "it": "",
    "ja": "少し塩気のあるナッツで、ペーストにしてバターのように使ったりする。",
    "pt": "Uma noz ligeiramente salgada que pode ser transformada em manteiga de amendoim.",
    "ru": "Слегка соленый орех, который можно превратить в арахисовое масло.",
    "tr": "Fıstık ezmesine çevrilebilecek, tadı biraz tuzlu bir yemiş.",
    "zh": "一种略带咸味的坚果，可以捣碎成花生酱。"
  },
    "ContextTags": [
        "season_fall",
        "color_brown",
        "vegetable_item",
        "crop_year_2",
    ],
}
