{
    "Name": "Zucchini",
    "Description": "The cousin of squash, it's used for vegetable dishes. It has much flavor when roasted.",
    "Category": "Vegetable",
    "Edibility": 10,
    "Price": 175,
    "IsColored": false,
    "Recipe": null,
    "GiftTastes":
    {
        "Love": ["Harvey"],
        "Like": ["Alex", "Caroline", "Clint", "Demetrius", "Dwarf", "Elliott", "Emily", "Evelyn", "George", "Gus", "Jodi", "Kent", "Krobus", "Leah", "Linus", "Marnie", "Maru", "Pam", "Penny", "Pierre", "Robin", "Sandy", "Shane", "Willy", "Wizard"],
        "Dislike": ["Abigail", "Haley", "Jas", "Sam", "Sebastian", "Vincent"],
        "Hate": ["Lewis"]
    },
  "NameLocalization": {
    "es": "Calabacín",
    "ko": "주키니",
    "de": "Zucchini",
    "fr": "Courgette",
    "hu": "Cukkini",
    // "it": "",
    "ja": "ズッキーニ",
    "pt": "Abobrinha",
    "ru": "Цуккини",
    "tr": "Kabak",
    "zh": "西葫芦"
  },
  "DescriptionLocalization": {
    "es": "Primo de la calabaza, se usa para platos de verduras. Tiene mucho sabor cuando se hornea.",
    "ko": "애호박의 사촌으로, 야채요리에 사용됩니다. 구우면 맛이 더 좋아집니다.",
    "de": "Eine Verwandte des Kürbis, in Gemüsemahlzeiten genutzt. Hat viel Geschmack nach dem Rösten.",
    "fr": "La cousine de la courge, utilisée comme légume dans les plats. Elle a beaucoup de goût une fois cuite au four.",
    "hu": "A főzőtök rokona, zöldségként használják ételekben. Több íze van sütve.",
    // "it": "",
    "ja": "このカボチャのいとこは、野菜料理に使われる。焼くと風味が増す。",
    "pt": "Uma variante de abóbora, é usado em dietas vegetais. Tem muito mais sabor quando assado.",
    "ru": "Родственник кабачков. Очень вкусный после обжарки.",
    "tr": "Balkabağının kuzeni, genelde sebze yemeklerinde kullanılır. Kızartıldığında daha fazla tat verir.",
    "zh": "南瓜的近亲，用来做菜。烤的时候味道很好。"
  },
    "ContextTags": [
        "season_summer",
        "color_green",
        "vegetable_item",
        "crop_year_3",
    ],
}
