{
    "Name": "Lettuce",
    "Product": "Lettuce",
    "SeedName": "Lettuce Seeds",
    "SeedDescription": "Plant these in summer. Takes 6 days to mature.",
    "Type": "Vegetable",

    "Seasons": ["summer"],
    "Phases": [1, 1, 1, 2, 1],
    "RegrowthPhase": -1,
    "HarvestWithScythe": false,
    "TrellisCrop": false,
    "Colors": null,
    "Bonus":
    {
        "MinimumPerHarvest": 1,
        "MaximumPerHarvest": 1,
        "MaxIncreasePerFarmLevel": 5,
        "ExtraChance": 0.0,
    },
    "SeedPurchasePrice": 55,
  "SeedNameLocalization": {
    "es": "Semillas de lechuga",
    "ko": "양상추 씨앗",
    "de": "Salatkopf-Saat",
    "fr": "Graines de laitue",
    "hu": "Saláta magvak",
    // "it": "",
    "ja": "レタスのタネ",
    "pt": "Sementes de alface",
    "ru": "Семена салата-латука",
    "tr": "Marul Tohumu",
    "zh": "生菜种子"
  },
  "SeedDescriptionLocalization": {
    "es": "Plántalas en verano. Tardan 6 días en madurar.",
    "ko": "여름 작물. 성장하려면 6일이 소요됩니다.",
    "de": "Pflanze sie im Sommer. Wächst in 6 Tagen heran.",
    "fr": "À planter en été. Prend 6 jours pour arriver à maturité.",
    "hu": "Ezeket nyáron ültesd el. 6 napig tart megérniük.",
    // "it": "",
    "ja": "夏植えの作物。そだつのに6日かかる。",
    "pt": "Plante-as no verão. Demora 6 dias para amadurecer.",
    "ru": "Сажайте летом. Вырастает через 6 дней.",
    "tr": "Yazın ekilir. 6 günde yetişir.",
    "zh": "夏天播种。6天成熟。"
  }
}
