{
    "Name": "Sweet Canary Melon",
    "Description": "A bright yellow melon, it is distinctively sweet and tangy.",
    "Category": "Fruit",
    "Edibility": 45,
    "Price": 225,
    "IsColored": false,
    "GiftTastes":
    {
        "Like": ["Demetrius", "Dwarf", "Elliott", "Harvey", "Jodi", "Kent", "Leah", "Linus", "Pam", "Penny", "Robin", "Sandy", "Shane"],
        "Neutral": ["Alex", "Caroline", "Clint", "Emily", "Evelyn", "George", "Gus", "Krobus", "Lewis", "Marnie", "Maru", "Pierre", "Sam", "Sebastian", "Willy", "Wizard"],
        "Dislike": ["Abigail", "Haley", "Jas", "Vincent"],
    },
    "Recipe": null,
  "NameLocalization": {
    "es": "Melón canario dulce",
    "ko": "카나리아 멜론",
    "de": "Honigmelone",
    "fr": "Melon Canari",
    "hu": "Kanári dinnye",
    // "it": "",
    "ja": "カナリアメロン",
    "pt": "Melão Canário",
    "ru": "Медовая дыня",
    "tr": "Tatlı Kanarya Kavunu",
    "zh": "金丝甜瓜"
  },
  "DescriptionLocalization": {
    "es": "Un melón amarillo brillante, es distintivamente dulce y picante.",
    "ko": "밝은 노란색으로, 달콤하고 톡 쏘는 맛이 있습니다.",
    "de": "Eine leuchtend gelbe Melone, unverwechselbar süß und würzig.",
    "fr": "Un melon jaune lumineux, il est à la fois doux et acidulé.",
    "hu": "Egy citromsárga dinnye. Jellegzetesen édes és savanykás.",
    // "it": "",
    "ja": "黄緑色のメロンで、独特の甘みと香りがする。",
    "pt": "Um melão amarelo brilhante, que é distintamente doce e picante.",
    "ru": "Ярко-желтая дыня, очень сладкая и пряная.",
    "tr": "Açık sarı bir kavun, tadı ayırt edici bir şekilde tatlı ve keskin.",
    "zh": "一个亮黄色的瓜，它有独特的浓郁甜味。"
  },
    "ContextTags": [
        "season_spring",
        "color_yellow",
        "fruit_item",
        "crop_year_2",
    ], 
}
