{
    "Name": "Broccoli",
    "Product": "Broccoli",
    "SeedName": "Broccoli Seeds",
    "SeedDescription": "Plant these in fall. Takes 7 days to mature.",
    "Type": "Vegetable",

    "Seasons": ["fall"],
    "Phases": [1, 2, 2, 2],
    "RegrowthPhase": -1,
    "HarvestWithScythe": false,
    "TrellisCrop": false,
    "Colors": null,
    "Bonus":
    {
        "MinimumPerHarvest": 1,
        "MaximumPerHarvest": 1,
        "MaxIncreasePerFarmLevel": 5,
        "ExtraChance": 0.0,
    },

    "SeedPurchasePrice": 80,
    "SeedPurchaseRequirements": [
        "y 2",
    ],
  "SeedNameLocalization": {
    "es": "Semillas de brócoli",
    "ko": "브로콜리 씨앗",
    "de": "Brokkoli-Saat",
    "fr": "Graines de brocoli",
    "hu": "Brokkoli magvak",
    // "it": "",
    "ja": "ブロッコリーのタネ",
    "pt": "Sementes de Brócolis",
    "ru": "Семена брокколи",
    "tr": "Brokoli Tohumu",
    "zh": "西兰花种子"
  },
  "SeedDescriptionLocalization": {
    "es": "Plántalas en otoño. Tardan 7 días en madurar.",
    "ko": "가을 작물. 성장하려면 7일이 소요됩니다.",
    "de": "Pflanze sie im  Herbst. Wächst in 7 Tagen heran.",
    "fr": "À planter en automne. Prend 7 jours pour arriver à maturité.",
    "hu": "Ezeket ősszel ültesd el. 7 napig tart megérniük",
    // "it": "",
    "ja": "秋植えの作物。そだつのに7日かかる。",
    "pt": "Plante-as no outono. Demora 7 dias para amadurecer.",
    "ru": "Сажайте осенью. Вырастает через 7 дней.",
    "tr": "Güzde ekilir. 7 günde yetişir.",
    "zh": "秋天播种。7天成熟。"
  }
}
