{
    "Name": "Shiitake Mushroom",
    "Description": "Shit-ake mushrooms!",
    "Category": "Vegetable",
    "Edibility": 9,
    "Price": 180,
    "IsColored": false,
    "GiftTastes":
    {
        "Like": ["Harvey", "Leah", "Linus"],
        "Dislike": ["Caroline", "Dwarf", "Elliott", "Haley", "Jas", "Jodi", "Krobus", "Pierre", "Sam", "Sebastian", "Shane", "Vincent", "Willy", "Wizard"],
    },
    "Recipe": null,
    "CanPurchase": false,
  "NameLocalization": {
    "es": "Seta shiitake",
    "ko": "표고버섯",
    "de": "Shiitake-Pilz",
    "fr": "Shiitaké",
    "hu": "Siitake gomba",
    // "it": "",
    "ja": "シイタケ",
    "pt": "Cogumelo Shiitake",
    "ru": "Шиитаке",
    "tr": "Şitaki Mantarı",
    "zh": "香菇"
  },
  "DescriptionLocalization": {
    "es": "El aroma y el sabor son buenos.",
    "ko": "향과 맛이 좋습니다.",
    "de": "Leckere Pilze!",
    "fr": "Aussi appelé le Lentin du Chêne, c'est un champignon parfumé.",
    "hu": "Egy ízletes gomba.",
    // "it": "",
    "ja": "しいたけ！",
    "pt": "Cogumelo Shiitake!",
    "ru": "Хороший аромат и вкус.",
    "tr": "Şit-aki mantarı!",
    "zh": "该死的香菇！"
  },
    "ContextTags": [
        "season_spring",
        "season_fall",
        "color_brown",
        "mushroom_item",
        "crop_year_4",
    ],
}
