{
    "Name": "Green Peas",
    "Description": "The average green pea. It's not very flavorful on its own.",
    "Category": "Vegetable",
    "Edibility": 8,
    "Price": 30,
    "IsColored": false,
    "GiftTastes":
    {
	"Love": ["Penny"],
        "Like": ["Alex", "Clint", "Demetrius", "Elliott", "Emily", "Evelyn", "Gus", "Harvey", "Jodi", "Leah", "Marnie", "Maru", "Pam", "Pierre", "Robin", "Sam", "Sandy", "Sebastian", "Shane", "Willy", "Wizard"],
        "Dislike": ["Abigail", "Haley", "Jas", "Vincent"],
    },
    "Recipe": null,
  "NameLocalization": {
    "es": "Guisantes verdes",
    "ko": "완두콩",
    "de": "Grüne Erbsen",
    "fr": "Petits pois",
    "hu": "Zöldborsó",
    // "it": "",
    "ja": "グリーンピース",
    "pt": "Ervilhas verdes",
    "ru": "Зелёный горох",
    "tr": "Bezelye",
    "zh": "青豌豆"
  },
  "DescriptionLocalization": {
    "es": "El guisante verde promedio. No es muy sabroso por sí mismo.",
    "ko": "평범한 그린 피스. 그 자체만으로는 맛이 좋지 않습니다.",
    "de": "Die durchschnittliche grüne Erbse. Eine gängige Beilage.",
    "fr": "Le petit pois de base. Il n'est pas très goûtu en lui-même.",
    "hu": "Egy átlagos zöldborsó. Magában nem valami ízletes.",
    // "it": "",
    "ja": "ごくありきたりなグリーンピース。風味はあまりない。",
    "pt": "Ervilha verde média. Não é muito saborosa.",
    "ru": "Обычный зелёный горох. Сам по себе не очень вкусный.",
    "tr": "Bildiğimiz bezelye. Kendi başına çok da bir tadı yok.",
    "zh": "每个豌豆大小都一样。它本身不是受所有人喜欢。"
  },
    "ContextTags": [
        "season_summer",
        "color_green",
        "vegetable_item",
        "crop_year_4",
    ],
}
