{
    "Name": "Aloe",
    "Description": "It can be used to treat sunburns.",
    "Category": "Vegetable",   
    "CategoryTextOverride": "Succulent",
    "CategoryColorOverride": "93, 153, 80, 255",
    "Edibility": 20,
    "Price": 140,
    "IsColored": false,
    "Recipe": null,
    "GiftTastes":
    {
        "Like": ["Clint", "Demetrius", "Harvey", "Jodi", "Leah", "Linus", "Maru", "Robin"],
        "Neutral": ["Alex", "Caroline", "Dwarf", "Elliott", "Emily", "Evelyn", "Gus", "Haley", "Kent", "Lewis", "Marnie", "Pam", "Pierre", "Penny", "Sandy", "Shane", "Willy", "Wizard"],
        "Dislike": ["Abigail", "George", "Krobus", "Sam", "Sebastian"],
        "Hate": ["Jas", "Vincent"]
    },
  "NameLocalization": {
    "es": "Aloe",
    "ko": "알로에",
    "de": "Aloe",
    "fr": "Aloès",
    "hu": "Aloe Vera",
    // "it": "",
    "ja": "アロエ",
    "pt": "Babosa",
    "ru": "Алоэ",
    "tr": "Aloe Vera",
    "zh": "芦荟"
  },
  "DescriptionLocalization": {
    "es": "Se puede usar para tratar las quemaduras solares.",
    "ko": "태양에 탄 피부를 진정시킬 수 있습니다.",
    "de": "Kann zur Behandlung von Sonnenbrand verwendet werden.",
    "fr": "Utilisée pour soigner les brûlures dues au soleil.",
    "hu": "Leégések kezelésére használható.",
    // "it": "",
    "ja": "日焼けの治療として利用できる。",
    "pt": "Pode ser usada para tratar queimaduras de sol.",
    "ru": "Может использоваться для лечения ожогов.",
    "tr": "Güneş yanıklarını tedavi etmek için kullanılabilir.",
    "zh": "它可以用来治疗晒伤。"
  },
    "ContextTags": [
        "season_summer",
        "color_green",
        "succulent_item",
        "crop_year_2",
    ],
}
