{
    "Name": "Cassava",
    "Description": "A hardy tuber from tropical climates, it has a woody flavor.",
    "Category": "Vegetable",
    "Edibility": -300,
    "Price": 80,
    "IsColored": false,
    "GiftTastes":
    {
        "Like": ["Alex", "Caroline", "Clint", "Demetrius", "Dwarf", "Elliott", "Emily", "Evelyn", "George", "Gus", "Harvey", "Jodi", "Kent", "Krobus", "Leah", "Lewis", "Linus", "Marnie", "Maru", "Pam", "Penny", "Pierre", "Robin", "Sandy", "Sebastian", "Shane", "Willy", "Wizard"],
        "Dislike": ["Abigail", "Haley", "Jas", "Sam", "Vincent"],
    },
    "Recipe": null,
  "NameLocalization": {
    "es": "Mandioca",
    "ko": "카사바",
    "de": "Maniok",
    "fr": "Manioc",
    "hu": "Manióka",
    // "it": "",
    "ja": "キャッサバ",
    "pt": "Mandioca",
    "ru": "Маниок",
    "tr": "Manyok",
    "zh": "木薯"
  },
  "DescriptionLocalization": {
    "es": "Un tubérculo resistente de climas tropicales; tiene un sabor amaderado.",
    "ko": "열대지역에서 자라는 덩이줄기 식물로, 깊은 맛이 납니다.",
    "de": "Eine robuste Knolle aus tropischen Klima, die Wurzelknollen endhalten viel Stärke.",
    "fr": "Un tubercule robuste des climats tropicaux, avec une saveur boisée.",
    "hu": "Trópusi területről származó kemémy gumó, melynek fás íze van.",
    // "it": "",
    "ja": "熱帯気候の丈夫な芋。食べると木っぽい味がする。",
    "pt": "Um tubérculo resistente de climas tropicais, tem um sabor amadeirado.",
    "ru": "Выносливый тропический клубень, имеющий древесный аромат.",
    "tr": "Tropikal iklimlerden gelen sert bir kök, odunsu bir tadı var.",
    "zh": "这是一种来自热带气候的耐寒植物，它有一种木质的味道。"
  },
    "ContextTags": [
        "season_summer",
        "color_brown",
        "vegetable_item",
        "crop_year_2",
    ],
}
