{
    "Name": "Bamboo",
    "Description": "The shoots of this plant are edible. It grows incredibly quickly.",
    "Category": "Vegetable",
    "Edibility": 20,
    "Price": 55,
    "IsColored": false,
    "Recipe": null,
  "NameLocalization": {
    "es": "Bambú",
    "ko": "대나무",
    "de": "Bambus",
    "fr": "Bambou",
    "hu": "Bambusz",
    // "it": "",
    "ja": "竹",
    "pt": "Bambu",
    "ru": "Бамбук",
    "tr": "Bambu",
    "zh": "竹笋"
  },
  "DescriptionLocalization": {
    "es": "Los brotes de esta planta son comestibles. Crece increíblemente rápido.",
    "ko": "죽순을 먹을 수 있습니다. 믿을 수 없을 정도로 빨리 성장합니다.",
    "de": "Die Sprossen dieser Pflanze sind essbar. Sie wächst unglaublich schnell.",
    "fr": "Les pousses de cette plante sont comestibles. Elle croît incroyablement rapidement.",
    "hu": "Ennek a növénynek a hajtásai ehetőek. Hihetetlenül gyorsan növekszik.",
    // "it": "",
    "ja": "竹の芽は食用になり、とても信じられない程の速度で成長する。",
    "pt": "Os troncos desta planta são comestíveis. Cresce incrivelmente rápido.",
    "ru": "Побеги этого растения съедобны. Растет невероятно быстро.",
    "tr": "Bu bitkinin filizleri yenebilir. İnanılmaz derecede hızlı büyüyor.",
    "zh": "这种植物的嫩芽是可食用的。它长得非常快。"
  },
    "ContextTags": [
        "season_spring",
        "season_summer",
        "color_yellow_green",
        "vegetable_item",
        "crop_year_4",
    ],
}
