{
    "Name": "Red Onion",
    "Description": "Red version of onion. Simply.",
    "Category": "Vegetable",
    "Edibility": 8,
    "Price": 115,
    "IsColored": false,
    "GiftTastes":
    {
        "Love": ["Krobus"],
        "Like": ["Alex", "Caroline", "Clint", "Demetrius", "Dwarf", "Elliott", "Emily", "George", "Gus", "Harvey", "Kent", "Leah", "Lewis", "Linus", "Marnie", "Maru", "Pam", "Penny", "Robin", "Sandy", "Sebastian", "Shane", "Willy", "Wizard"],
        "Dislike": ["Abigail", "Haley", "Jas", "Jodi", "Sam", "Vincent"],
        "Hate": ["Evelyn", "Pierre"],
    },
    "Recipe": null,
    "CanPurchase": true,
    "PurchaseFrom": "Gus",
    "PurchasePrice": 50,
  "NameLocalization": {
    "es": "Cebolla Roja",
    "ko": "적양파",
    "de": "Rote Zwiebel",
    "fr": "Oignon rouge",
    "hu": "Lilahagyma",
    // "it": "",
    "ja": "レッドオニオン",
    "pt": "Cebola Vermelha",
    "ru": "Красный лук",
    "tr": "Kırmızı Soğan",
    "zh": "红洋葱"
  },
  "DescriptionLocalization": {
    "es": "Versión roja de la cebolla. Simplemente.",
    "ko": "그냥 빨간 양파.",
    "de": "Die rote Version einer Zwiebel. Ganz einfach.",
    "fr": "La version rouge de l'onion. Tout simplement.",
    "hu": "Egy lila színű hagyma. Ilyen egyszerű.",
    // "it": "",
    "ja": "赤みがかったタマネギ。",
    "pt": "Versão vermelha de cebola. Simples!",
    "ru": "Красная версия лука.",
    "tr": "Basitçe soğanın kırmzısı.",
    "zh": "红色的洋葱，就只是这样。"
  },
    "ContextTags": [
        "season_spring",
        "color_dark_purple",
        "vegetable_item",
        "crop_year_3",
    ],
}
