{
    "Name": "Perilla leaf",
    "Description": "Korean herb with unique scent. Used in various Korean foods.",
    "Category": "Vegetable",
    "CategoryTextOverride": "Herb",
    "CategoryColorOverride": "93, 153, 80, 255",
    "Edibility": 5,
    "Price": 50,
    "IsColored": false,
    "GiftTastes":
    {
        "Like": ["Sandy", "Willy"],
        "Neutral": ["Abigail", "Alex", "Caroline", "Clint", "Demetrius", "Dwarf", "Elliott", "Emily", "Evelyn", "George", "Gus", "Haley", "Harvey", "Jodi", "Kent", "Krobus", "Leah", "Lewis", "Linus", "Marnie", "Maru", "Pam", "Penny", "Pierre", "Robin", "Sam", "Sebastian", "Shane", "Wizard"],
        "Dislike": ["Jas", "Vincent"],
    },
    "Recipe": null,
    "NameLocalization":
    {
        "es": "Hoja de perilla",
        "ko": "깻잎",
        // "de": "",
        "fr": "Feuille de Pérille",
        "hu": "Kínai bazsalikom",
        // "it": "",
        "ja": "エゴマの葉",
        "pt": "Folha de perilla",
        // "ru": "",
        "tr": "Perilla Yaprağı",
        "zh": "紫苏叶"
    },
    "DescriptionLocalization":
    {
        "es": "Hierba coreana con un aroma único. Utilizado en varios alimentos coreanos.",
        "ko": "독특한 향이 나는 한국 허브. 한식에 다양하게 사용됩니다.",
        // "de": "",
        "fr": "Herbe coréenne avec une senteur unique. Utilisée dans des plats coréens variés.",
        "hu": "Egy Délkelet-Ázsiából behozott fűszernövény, melynek az íze igen egyedi. Számos ázsiai ételben megtalálható.",
        // "it": "",
        "ja": "独特の香りがするアジアのハーブ。さまざまなアジア料理に使用されている。",
        "pt": "Erva coreana com cheiro único. Usado em vários alimentos coreanos.",
        // "ru": "",
        "tr": "Kendine özel bir kokusu olan bir Kore bitkisi. Çoğu Kore yemeğinde kullanılır.",
        "zh": "具有独特香味的韩国草本植物。广泛用于各种韩式食品中。"
    },
    "ContextTags": [
        "season_summer",
        "color_green",
        "herb_item",
    ],
}