{
    "Name": "Cassava",
    "Product": "Cassava",
    "SeedName": "Cassava Seeds",
    "SeedDescription": "Plant these in summer. Takes 7 days to mature. Harvest with a scythe.",
    "Type": "Vegetable",

    "Seasons": ["summer"],
    "Phases": [1, 2, 2, 1, 1],
    "RegrowthPhase": -1,
    "HarvestWithScythe": true,
    "TrellisCrop": false,
    "Colors": null,
    "Bonus":
    {
        "MinimumPerHarvest": 1,
        "MaximumPerHarvest": 1,
        "MaxIncreasePerFarmLevel": 5,
        "ExtraChance": 0.0,
    },
    "SeedPurchasePrice": 60,
    "SeedPurchaseRequirements": [
        "y 2",
    ],
  "SeedNameLocalization": {
    "es": "Semillas de Mandioca",
    "ko": "카사바 씨앗",
    "de": "Maniok-Saat",
    "fr": "Graines de manioc",
    "hu": "Manióka magvak",
    // "it": "",
    "ja": "キャッサバのタネ",
    "pt": "Sementes de Mandioca",
    "ru": "Семена маниока",
    "tr": "Manyok Tohumu",
    "zh": "木薯种子"
  },
  "SeedDescriptionLocalization": {
    "es": "Plántalas en verano. Tardan 7 días en madurar. Cosecha con una guadaña.",
    "ko": "여름 작물. 성장하려면 7일이 소요됩니다. 낫으로 수확 할 수 있습니다.",
    "de": "Pflanze sie im Sommer. Wächst in 7 Tagen heran. Ernte sie mit einer Sense.",
    "fr": "À planter en été. Prend 7 jours pour arriver à maturité. À récolter à la faux.",
    "hu": "Ezeket nyáron ültesd el. 7 napig tart megérniük. Kaszával arathatod le.",
    // "it": "",
    "ja": "夏植えの作物。そだつのに7日かかる。収穫にはカマが必要。",
    "pt": "Plante-as no verão. Demora 7 dias para amadurecer. Colhe com a foice.",
    "ru": "Сажайте летом. Вырастает через 7 дней. Собирайте урожай косой.",
    "tr": "Yazın ekilir. 7 günde yetişir. Tırpanla hasat edilir",
    "zh": "夏天播种。7天成熟。用镰刀收割。"
  }
}
