{
    "Name": "Tabasco Pepper",
    "Product": "Tabasco Pepper",
    "SeedName": "Tabasco Pepper Seeds",
    "SeedDescription": "Plant these in fall. Takes 10 days to mature, and continues to produce after the first harvest.",
    "Type": "Vegetable",

    "Seasons": ["fall"],
    "Phases": [1, 2, 3, 2, 2, ],
    "RegrowthPhase": 4,
    "HarvestWithScythe": false,
    "TrellisCrop": false,
    "Colors": null,
    "Bonus":
    {
        "MinimumPerHarvest": 1,
        "MaximumPerHarvest": 3,
        "MaxIncreasePerFarmLevel": 5,
        "ExtraChance": 0.2,
    },
    "SeedPurchasePrice": 130,
    "SeedPurchaseRequirements": [
        "y 3",
    ],

  "SeedNameLocalization": {
    "es": "Semillas de chile tabasco",
    "ko": "타바스코 페퍼 씨앗",
    "de": "Tabasco-Pfeffer-Saat",
    "fr": "Graines de piment Tabasco",
    "hu": "Tabasco paprika magvak",
    // "it": "",
    "ja": "タバスコペッパーのタネ",
    "pt": "Sementes de Pimenta Tabasco",
    "ru": "Семена перца табаско",
    "tr": "Tabasko Biberi Tohumu",
    "zh": "塔巴斯哥辣椒种子"
  },
  "SeedDescriptionLocalization": {
    "es": "Plántalas en otoño. Tardan 10 días en crecer, y continuan produciendo después de la primera cosecha.",
    "ko": "가을 작물. 성장하려먼 10일이 소요되지만, 수확한 후에도 계속 작물이 생산됩니다.",
    "de": "Pflanze sie im Herbst. Wächst in 10 Tagen heran und kann danach mehrmals geerntet werden.",
    "fr": "À planter en automne. Prend 10 jours pour arriver à maturité, et continue de produire après la première récolte.",
    "hu": "Ezeket ősszel ültesd el. 10 napig tart megérniük, de utána tovább termelnek.",
    // "it": "",
    "ja": "秋植えの作物。そだつのに10日かかる。最初の収穫のあともくりかえし収穫できる。",
    "pt": "Plante-as no outono. Leva 10 dias para amadurecer e continuam produzindo após a primeira colheita",
    "ru": "Сажайте осенью. Вырастает через 10 дней и продолжает давать урожай после первого сбора.",
    "tr": "Güzde ekilir. 10 günde yetişir ve ilk hasattan sonra yetişmeye devam eder.",
    "zh": "秋天播种，10天成熟，在第一次收获后循环生产。"
  }
}
