{
    "Name": "Sugar Beet",
    "Description": "This tuber has a high concentration of sucrose. It is good for processing into sugar!",
    "Category": "Vegetable",
    "Edibility": 8,
    "Price": 180,
    "IsColored": false,
    "GiftTastes":
    {
        "Love": ["Evelyn"],
        "Like": ["Alex", "Caroline", "Clint", "Demetrius", "Dwarf", "Elliott", "Emily", "George", "Gus", "Harvey", "Jodi", "Kent", "Krobus", "Leah", "Lewis", "Linus", "Marnie", "Maru", "Pam", "Penny", "Pierre", "Robin", "Sandy", "Sebastian", "Shane", "Willy", "Wizard"],
        "Dislike": ["Abigail", "Haley", "Jas", "Sam", "Vincent"],
    },
    "Recipe": null,
  "NameLocalization": {
    "es": "Remolacha azucarera",
    "ko": "사탕무(감채)",
    "de": "Zuckerrübe",
    "fr": "Betterave sucrière",
    "hu": "Cukorrépa",
    // "it": "",
    "ja": "テンサイ",
    "pt": "Beterraba",
    "ru": "Сахарная свёкла",
    "tr": "Şeker Pancarı",
    "zh": "甜菜"
  },
  "DescriptionLocalization": {
    "es": "Este tubérculo tiene un alta concentración de sacarosa. ¡Es bueno para procesarlo en azúcar!",
    "ko": "이 작물은 당도가 높습니다. 설탕 가공에 좋습니다!",
    "de": "Diese Knolle hat eine hohe Konzentration von Saccharose und kann gut zu Zucker verarbeitet werden!",
    "fr": "Ce tubercule a une grande concentration de saccharose. Très bonne pour être transformée en sucre.",
    "hu": "Ennek a gumónak magas a szacharóz tartalma. Cukor előállítására lehet felhasználni!",
    // "it": "",
    "ja": "このカブは高濃度のショトウを含有している。砂糖に加工するのにちょうどいい！",
    "pt": "Este tubérculo tem uma alta concentração de sacarose. É bom para processamento em açúcar!",
    "ru": "Этот клубень содержит высокую концентрацию сахарозы, что хорошо для производства сахара!",
    "tr": "Bu kökün sükroz oranı yüksek. Şeker yapmak için iyi!",
    "zh": "这个块茎有高浓度的糖分。把它加工成糖很棒！"
  },
    "ContextTags": [
        "season_spring",
        "color_white",
        "vegetable_item",
        "crop_year_2",
    ],
}
