{
    "Name": "Sugar Cane",
    "Description": "The cuttings and salks of a sugar cane. It can be processed into sugar.",
    "Category": "Vegetable",
    "Edibility": 30,
    "Price": 230,
    "IsColored": false,
    "GiftTastes":
    {
        "Nautral": ["Abigail", "Alex", "Caroline", "Clint", "Demetrius", "Dwarf", "Elliott", "Emily", "Evelyn", "George", "Gus", "Haley", "Harvey", "Jodi", "Kent", "Krobus", "Leah", "Lewis", "Linus", "Marnie", "Maru", "Pam", "Penny", "Pierre", "Robin", "Sam", "Sandy", "Sebastian", "Shane", "Willy", "Wizard"],
        "Dislike": ["Jas", "Vincent"],
    },
    "Recipe": null,
  "NameLocalization": {
    "es": "Caña de azúcar",
    "ko": "사탕수수",
    "de": "Zuckerrohr",
    "fr": "Canne à sucre",
    "hu": "Cukornád",
    // "it": "",
    "ja": "サトウキビ",
    "pt": "Cana de açúcar",
    "ru": "Сахарный тростник",
    "tr": "Şeker Kamışı",
    "zh": "甘蔗"
  },
  "DescriptionLocalization": {
    "es": "Sus estacas pueden ser procesadas en azúcar.",
    "ko": "사탕수수 줄기는 설탕으로 가공 할 수 있습니다.",
    "de": "Es kann zu Zucker verarbeitet werden.",
    "fr": "Les chaumes (ou tiges) de la canne à sucre. Ils peuvent être transformés en sucre.",
    "hu": "Cukrot lehet előállítani belőle.",
    // "it": "",
    "ja": "サトウキビの茎を切り分けたもの。砂糖に加工することができる。",
    "pt": "As estacas e talos de uma cana de açúcar. Pode ser processada em açúcar.",
    "ru": "Стебли сахарного тростника. Можно переработать в сахар.",
    "tr": "Şeker kamışının sapları ve kesitleri. Şekere çevrilebilir.",
    "zh": "一根甘蔗。它可以被加工成糖。"
  },
    "ContextTags": [
        "season_summer",
        "color_gray",
        "vegetable_item",
    ],
}
